t,pred,actual,persistence,steady_state,T_o,call1,call2
2026-02-06 00:00:00,5.440699412006489,5.844508333333334,5.398208333333333,6.2475299999999985,-17.01833333333333,True,False
2026-02-06 01:00:00,6.164122520949861,5.662116666666667,5.844508333333334,6.4048124999999985,-18.080833333333334,False,True
2026-02-06 02:00:00,6.0454931042480515,6.0312,5.662116666666667,6.831435,-19.898333333333337,True,False
2026-02-06 03:00:00,6.080553028702241,4.544083333333332,6.0312,7.150355,-21.27,True,False
2026-02-06 04:00:00,6.377805398219798,6.832041666666665,4.544083333333332,7.199767499999997,-22.11583333333333,True,False
2026-02-06 05:00:00,6.46904323505614,6.455441666666666,6.832041666666665,7.5344325,-23.535833333333333,True,False
2026-02-06 06:00:00,6.489060050334892,7.297066666666667,6.455441666666666,7.700424999999999,-24.221666666666664,True,False
2026-02-06 07:00:00,6.4054312094958075,6.5482000000000005,7.297066666666667,7.57212,-23.328333333333337,True,False
2026-02-06 08:00:00,6.548555276492949,7.376533333333333,6.5482000000000005,6.5907375,-18.860833333333332,True,False
2026-02-06 09:00:00,6.007179650567025,6.295933333333333,7.376533333333333,5.891090000000001,-15.115000000000002,True,False
2026-02-06 10:00:00,4.836043150474052,4.636683333333334,6.295933333333333,5.0396874999999985,-10.834166666666667,True,False
2026-02-06 11:00:00,4.902088074050154,4.807841666666667,4.636683333333334,4.665157499999999,-9.235833333333334,True,False
2026-02-06 12:00:00,3.630178097622843,4.1336666666666675,4.807841666666667,4.4547775,-7.7491666666666665,True,False
2026-02-06 13:00:00,3.8961151724147256,4.683916666666667,4.1336666666666675,4.172205,-6.848333333333334,False,False
2026-02-06 14:00:00,3.523523656507838,3.3192749999999993,4.683916666666667,4.185269999999999,-6.713333333333332,True,False
2026-02-06 15:00:00,3.8567558968011784,5.27645,3.3192749999999993,4.17924,-6.948333333333333,True,False
2026-02-06 16:00:00,4.262311979478101,5.734933333333334,5.27645,4.55109,-8.513333333333334,True,False
2026-02-06 17:00:00,4.776363205172818,5.6171,5.734933333333334,4.966155,-10.843333333333334,True,False
2026-02-06 18:00:00,4.73979463654797,4.713558333333333,5.6171,5.431135,-12.841666666666667,True,False
2026-02-06 19:00:00,5.218978665871123,5.311991666666666,4.713558333333333,5.7998025,-15.105833333333331,True,True
2026-02-06 20:00:00,5.5358624684490785,4.696908333333333,5.311991666666666,6.28706,-17.27,True,False
2026-02-06 21:00:00,5.950772633114614,6.963208333333334,4.696908333333333,6.4634374999999995,-18.4175,True,False
2026-02-06 22:00:00,6.252137644288513,6.062941666666667,6.963208333333334,6.645342500000001,-18.962500000000002,True,False
2026-02-06 23:00:00,6.317009196395153,6.892333333333333,6.062941666666667,6.769125000000001,-19.898333333333333,True,True
2026-02-07 00:00:00,6.424219511326662,6.535375,6.892333333333333,6.918200000000001,-20.450000000000003,True,False
2026-02-07 01:00:00,6.224457183313402,6.011183333333333,6.535375,6.8632599999999995,-19.80666666666667,True,False
2026-02-07 02:00:00,6.420691213230475,6.275483333333334,6.011183333333333,6.5208900000000005,-18.708333333333336,True,True
2026-02-07 03:00:00,6.413897982556218,5.742883333333333,6.275483333333334,6.376505,-17.749999999999996,True,False
2026-02-07 04:00:00,6.448957452960407,7.283375000000001,5.742883333333333,6.313860000000002,-17.203333333333337,True,False
2026-02-07 05:00:00,6.300342908630135,5.456675,7.283375000000001,6.296105000000001,-17.175,True,False
2026-02-07 06:00:00,6.458571714240052,6.892441666666667,5.456675,6.106662499999999,-16.522499999999997,True,False
2026-02-07 07:00:00,6.349810656948251,5.357075,6.892441666666667,6.10281,-16.083333333333332,True,False
2026-02-07 08:00:00,5.606455577254596,5.631991666666666,5.357075,5.346882500000001,-12.697500000000003,True,False
2026-02-07 09:00:00,5.338293705907288,4.560691666666666,5.631991666666666,4.4832525,-8.430833333333334,True,False
2026-02-07 10:00:00,4.489813536097903,5.044058333333333,4.560691666666666,3.9360299999999997,-5.628333333333333,True,False
2026-02-07 11:00:00,4.089798896277639,5.101458333333333,5.044058333333333,3.6097400000000004,-4.17,True,False
2026-02-07 12:00:00,3.478489042212036,1.9968833333333333,5.101458333333333,3.4924899999999997,-2.891666666666667,False,False
2026-02-07 13:00:00,3.937332162816828,3.276883333333333,1.9968833333333333,3.4559750000000005,-3.35,False,False
2026-02-07 14:00:00,3.330802848319565,4.4818083333333325,3.276883333333333,3.550109999999999,-3.598333333333334,False,False
2026-02-07 15:00:00,3.002441676334447,3.2284500000000005,4.4818083333333325,3.7367050000000006,-4.4366666666666665,True,False
2026-02-07 16:00:00,3.774248843275835,4.762433333333334,3.2284500000000005,3.8547924999999994,-5.459166666666666,True,False
2026-02-07 17:00:00,3.846895527329142,5.413716666666667,4.762433333333334,4.006547499999999,-6.079166666666667,True,False
2026-02-07 18:00:00,3.8415436851948224,4.284425,5.413716666666667,4.0958250000000005,-6.338333333333334,True,False
2026-02-07 19:00:00,3.970897086486744,5.419216666666666,4.284425,4.072375,-6.496666666666667,True,False
2026-02-07 20:00:00,3.9302610075328355,4.76085,5.419216666666666,4.1773975000000005,-6.644166666666667,True,False
2026-02-07 21:00:00,4.249211885829646,4.033366666666666,4.76085,4.1670125,-6.6625000000000005,True,False
2026-02-07 22:00:00,4.381875470889638,5.198666666666666,4.033366666666666,4.194147500000001,-7.0375000000000005,True,False
2026-02-07 23:00:00,4.363459243617221,5.703574999999999,5.198666666666666,4.59531,-8.853333333333333,True,False
2026-02-08 00:00:00,4.666259988766749,4.3805,5.703574999999999,4.8051875,-10.0425,True,True
2026-02-08 01:00:00,5.14855580945135,5.828158333333333,4.3805,5.0802225,-11.240833333333333,False,False
2026-02-08 02:00:00,5.107243713572305,4.345516666666667,5.828158333333333,5.320585,-12.23666666666667,True,False
2026-02-08 03:00:00,5.602304836121999,5.793216666666667,4.345516666666667,5.2892624999999995,-12.610833333333334,True,False
2026-02-08 04:00:00,5.5166829924833305,6.282191666666668,5.793216666666667,5.465304999999999,-13.296666666666667,True,False
2026-02-08 05:00:00,5.824356876773163,5.612941666666665,6.282191666666668,5.63247,-13.843333333333332,True,False
2026-02-08 06:00:00,6.346639882044153,6.8548166666666654,5.612941666666665,5.614715000000001,-14.235,True,False
2026-02-08 07:00:00,6.337408493733197,6.080641666666668,6.8548166666666654,5.5495575,-13.595833333333333,True,False
2026-02-08 08:00:00,5.638680150438163,6.270325,6.080641666666668,5.070004999999999,-11.25,True,False
2026-02-08 09:00:00,5.602575607311921,5.521366666666666,6.270325,5.008365,-11.138333333333334,True,True
2026-02-08 10:00:00,4.890138095730553,6.088783333333333,5.521366666666666,4.6202675,-9.147499999999999,True,False
2026-02-08 11:00:00,3.8500584363204977,2.4532166666666666,6.088783333333333,4.35344,-7.29,False,False
2026-02-08 12:00:00,3.947762060115668,3.431325,2.4532166666666666,3.9814224999999994,-6.019166666666667,True,False
2026-02-08 13:00:00,3.1931246962861537,2.7239666666666666,3.431325,3.916935,-5.343333333333334,True,False
2026-02-08 14:00:00,3.8383202175235462,3.9055333333333326,2.7239666666666666,4.1016875,-6.6025,True,False
2026-02-08 15:00:00,4.235341477111261,3.6258416666666657,3.9055333333333326,4.3549475,-7.4775,False,False
2026-02-08 16:00:00,4.671964589431087,4.806058333333333,3.6258416666666657,4.5363500000000005,-8.83,True,False
2026-02-08 17:00:00,5.434194224595145,6.306699999999999,4.806058333333333,4.9004949999999985,-10.416666666666666,True,False
2026-02-08 18:00:00,5.637646312052224,4.039366666666667,6.306699999999999,5.1854125,-11.939166666666665,True,True
2026-02-08 19:00:00,6.234765557083445,6.674566666666666,4.039366666666667,5.484065000000001,-13.435000000000002,True,False
2026-02-08 20:00:00,5.930433669930742,4.071324999999999,6.674566666666666,5.787240000000001,-14.473333333333331,False,False
2026-02-08 21:00:00,6.285173541346262,6.704391666666666,4.071324999999999,5.754074999999999,-14.843333333333332,True,False
2026-02-08 22:00:00,6.339569954443903,4.793125,6.704391666666666,5.8034875,-14.959166666666667,True,False
2026-02-08 23:00:00,6.461885991265406,7.220233333333334,4.793125,5.910352499999999,-15.230833333333335,True,False
2026-02-09 00:00:00,6.308883029218227,5.5949,7.220233333333334,5.9006375,-15.527500000000003,True,False
2026-02-09 01:00:00,6.509990052685351,7.951391666666666,5.5949,5.895780000000001,-15.788333333333332,True,False
2026-02-09 02:00:00,6.493095893533191,6.8135249999999985,7.951391666666666,5.967469999999999,-15.995,True,False
2026-02-09 03:00:00,6.444950130045294,8.770675,6.8135249999999985,5.9508875,-15.8175,True,False
2026-02-09 04:00:00,6.340725199481544,6.125433333333333,8.770675,5.977855000000001,-15.606666666666667,True,False
2026-02-09 05:00:00,6.498295993761081,9.727766666666664,6.125433333333333,5.8773550000000006,-15.666666666666671,True,True
2026-02-09 06:00:00,6.417397156032632,7.462533333333333,9.727766666666664,5.9227475,-15.782499999999999,True,False
2026-02-09 07:00:00,6.427250819054091,7.749983333333334,7.462533333333333,5.776687499999999,-14.785833333333331,True,False
2026-02-09 08:00:00,6.3381825186379785,7.507008333333332,7.749983333333334,5.377367499999999,-12.574166666666665,True,False
2026-02-09 09:00:00,6.083280027192145,7.037941666666666,7.507008333333332,5.0919475,-11.509166666666667,True,False
2026-02-09 10:00:00,4.263136620895256,4.70115,7.037941666666666,4.59531,-8.508333333333333,True,False
2026-02-09 11:00:00,4.014880590800658,2.999991666666666,4.70115,3.9812549999999995,-5.878333333333333,False,False
2026-02-09 12:00:00,3.4857397607639693,3.730316666666666,2.999991666666666,3.658984999999999,-4.2299999999999995,True,False
2026-02-09 13:00:00,3.525786119769728,5.027966666666667,3.730316666666666,3.3372175000000004,-3.019166666666667,True,True
2026-02-09 14:00:00,4.087505259933785,2.1043583333333333,5.027966666666667,3.6182824999999994,-3.7624999999999997,False,False
2026-02-09 15:00:00,4.345638567025881,4.7448749999999995,2.1043583333333333,3.63185,-4.375,True,True
2026-02-09 16:00:00,4.359481544306886,5.609333333333333,4.7448749999999995,3.7491000000000003,-5.028333333333333,True,False
2026-02-09 17:00:00,4.178471437921257,6.153975000000001,5.609333333333333,4.1584699999999994,-6.609999999999999,True,False
2026-02-09 18:00:00,4.092178290497085,5.043241666666667,6.153975000000001,4.3459025,-7.6575,True,False
2026-02-09 19:00:00,4.714683239303527,4.6257,5.043241666666667,4.5405375,-8.550833333333333,True,False
2026-02-09 20:00:00,4.1338718178636205,5.560058333333333,4.6257,4.671355000000001,-9.046666666666667,True,False
2026-02-09 21:00:00,4.757176647557394,6.057074999999999,5.560058333333333,4.757115,-10.008333333333333,True,True
2026-02-09 22:00:00,5.082503491262774,5.051325,6.057074999999999,5.011547499999999,-10.889166666666668,True,False
2026-02-09 23:00:00,5.081121326598584,5.407508333333333,5.051325,5.134995,-11.508333333333333,True,False
2026-02-10 00:00:00,5.235372070517495,5.727766666666667,5.407508333333333,5.169165,-11.953333333333333,False,True
2026-02-10 01:00:00,5.39774142889285,5.904566666666667,5.727766666666667,5.249397500000001,-12.102500000000001,True,False
2026-02-10 02:00:00,5.0289682333724475,5.228033333333333,5.904566666666667,5.341187499999998,-12.384166666666665,True,False
2026-02-10 03:00:00,5.095979396312418,5.165475,5.228033333333333,5.412040000000001,-13.106666666666667,True,False
2026-02-10 04:00:00,5.558042227537307,6.14625,5.165475,5.437165,-13.41666666666667,True,True
2026-02-10 05:00:00,5.545821045754062,7.004308333333334,6.14625,5.538000000000001,-13.708333333333334,True,False
2026-02-10 06:00:00,4.960794152197067,6.751749999999999,7.004308333333334,5.757592499999999,-14.480833333333331,True,False
2026-02-10 07:00:00,4.889724701131678,6.1395333333333335,6.751749999999999,5.393279999999999,-12.643333333333333,True,False
2026-02-10 08:00:00,4.755563245013053,4.472408333333333,6.1395333333333335,4.6974849999999995,-9.461666666666666,False,True
2026-02-10 09:00:00,3.7902650580319848,5.792800000000001,4.472408333333333,4.39297,-7.7316666666666665,True,False
2026-02-10 10:00:00,2.5707640695958154,2.111625,5.792800000000001,3.8015275,-4.444166666666667,True,False
2026-02-10 11:00:00,2.8600729083940357,2.760491666666666,2.111625,3.2298499999999994,-1.95,False,False
2026-02-10 12:00:00,2.1812747300320305,1.4306333333333332,2.760491666666666,2.901885,-0.023333333333333362,False,False
2026-02-10 13:00:00,2.3149943417520755,2.294633333333333,1.4306333333333332,2.4931850000000004,1.6349999999999998,False,False
2026-02-10 14:00:00,2.36115779110828,1.7288166666666662,2.294633333333333,2.5874875,0.9758333333333332,False,False
2026-02-10 15:00:00,2.9330988862414142,3.9525666666666655,1.7288166666666662,2.9891525,-1.2775,False,True
2026-02-10 16:00:00,2.8295524147444766,3.2547249999999996,3.9525666666666655,3.4824400000000004,-3.486666666666667,True,False
2026-02-10 17:00:00,3.4253805652036795,5.070049999999999,3.2547249999999996,3.8016949999999996,-5.2700000000000005,True,False
2026-02-10 18:00:00,3.347074426746869,3.67415,5.070049999999999,4.061320000000001,-6.041666666666667,False,False
2026-02-10 19:00:00,3.902650830748621,4.285825,3.67415,4.222957500000001,-7.050833333333333,True,False
2026-02-10 20:00:00,3.8292505416975127,3.6528666666666667,4.285825,4.382417500000001,-7.944166666666667,True,True
2026-02-10 21:00:00,4.352249709770557,5.3322416666666665,3.6528666666666667,4.299505,-7.551666666666667,True,False
2026-02-10 22:00:00,3.733882926000616,4.730841666666667,5.3322416666666665,4.2299925,-6.990833333333334,True,False
2026-02-10 23:00:00,4.321580336820081,4.120508333333333,4.730841666666667,4.04524,-6.171666666666667,True,False
2026-02-11 00:00:00,3.881214131089665,3.8062666666666662,4.120508333333333,3.981924999999999,-5.721666666666667,True,False
2026-02-11 01:00:00,4.38021206817951,4.906258333333333,3.8062666666666662,3.9584749999999995,-5.72,False,False
2026-02-11 02:00:00,3.8783189960654028,3.722633333333333,4.906258333333333,3.9779050000000007,-5.596666666666667,True,False
2026-02-11 03:00:00,4.377357042660941,4.758991666666666,3.722633333333333,3.8685275,-5.392500000000001,True,False
2026-02-11 04:00:00,3.861839440701173,3.068208333333333,4.758991666666666,3.8834349999999995,-5.161666666666666,False,False
2026-02-11 05:00:00,3.980792996968461,4.924875,3.068208333333333,3.8283275000000003,-5.2025,True,False
2026-02-11 06:00:00,3.9248485915831353,3.6509,4.924875,3.8812575000000007,-5.170833333333333,True,False
2026-02-11 07:00:00,4.004156851920294,4.369524999999999,3.6509,3.7831024999999996,-4.8525,True,False
2026-02-11 08:00:00,3.9454232705347274,3.542216666666667,4.369524999999999,3.5924875000000003,-3.7641666666666667,True,False
2026-02-11 09:00:00,3.9943924040074568,3.570066666666667,3.542216666666667,3.3601649999999994,-2.8983333333333334,True,False
2026-02-11 10:00:00,3.925936039828095,3.7197999999999993,3.570066666666667,3.29819,-2.43,True,False
2026-02-11 11:00:00,3.239359134905997,3.10145,3.7197999999999993,3.1214774999999997,-1.7708333333333333,True,True
2026-02-11 12:00:00,3.3969099782108287,3.7052583333333327,3.10145,3.1375575,-1.6108333333333336,True,False
2026-02-11 13:00:00,2.69521140077829,2.6411666666666664,3.7052583333333327,3.0092525000000006,-0.9025,True,False
2026-02-11 14:00:00,3.3638391643431076,3.9243333333333332,2.6411666666666664,2.8231599999999992,-0.2316666666666667,False,False
2026-02-11 15:00:00,2.761313205732779,2.6687666666666665,3.9243333333333332,3.018130000000001,-0.9716666666666667,True,False
2026-02-11 16:00:00,3.3857793862048338,3.33205,2.6687666666666665,3.2229825,-2.2308333333333334,False,False
2026-02-11 17:00:00,3.3573375379955026,2.3827583333333333,3.33205,3.3623425000000005,-2.7691666666666666,False,False
2026-02-11 18:00:00,2.6824334506648895,1.9448916666666665,2.3827583333333333,3.4491074999999998,-3.045833333333333,False,False
2026-02-11 19:00:00,3.3736388534782846,4.0365,1.9448916666666665,3.504047499999999,-3.5741666666666667,True,False
2026-02-11 20:00:00,3.160804868077173,3.571633333333333,4.0365,3.537715,-3.6566666666666667,True,False
2026-02-11 21:00:00,3.40342401510762,4.585708333333333,3.571633333333333,3.4559750000000005,-3.5,True,False
2026-02-11 22:00:00,3.42021736674795,4.304999999999999,4.585708333333333,3.6439099999999995,-4.13,True,False
2026-02-11 23:00:00,3.9319574489919433,4.9584,4.304999999999999,3.6090699999999996,-4.171666666666667,True,False
2026-02-12 00:00:00,3.827380773244945,3.2883166666666663,4.9584,3.61644,-3.763333333333333,True,False
2026-02-12 01:00:00,3.9307804473963888,4.322691666666667,3.2883166666666663,3.54542,-3.7550000000000003,True,False
2026-02-12 02:00:00,3.97634782236735,4.330375,4.322691666666667,3.5092399999999997,-3.7350000000000008,False,False
2026-02-12 03:00:00,3.9049044369150674,3.199808333333333,4.330375,3.602705,-3.765,False,False
2026-02-12 04:00:00,3.968344457380134,4.824891666666666,3.199808333333333,3.5444149999999994,-3.8249999999999997,True,False
2026-02-12 05:00:00,3.883452650496424,3.7345416666666673,4.824891666666666,3.64056,-3.9033333333333338,True,False
2026-02-12 06:00:00,3.961895439054988,5.0908083333333325,3.7345416666666673,3.577747499999999,-3.875833333333333,True,False
2026-02-12 07:00:00,3.1812340147121074,2.598758333333333,5.0908083333333325,3.59768,-3.76,True,False
2026-02-12 08:00:00,3.413848200598882,3.914633333333333,2.598758333333333,3.265695000000001,-2.3183333333333334,True,False
2026-02-12 09:00:00,3.4741284714296476,4.179775,3.914633333333333,3.0032224999999997,-1.1575,True,False
2026-02-12 10:00:00,2.9159803993789746,1.358933333333333,4.179775,2.955820000000001,-0.4716666666666667,False,False
2026-02-12 11:00:00,2.9625354238793444,2.413675,1.358933333333333,2.8787700000000003,-0.3933333333333333,True,False
2026-02-12 12:00:00,2.9729826037540743,3.366916666666667,2.413675,2.688322499999999,0.33916666666666667,True,False
2026-02-12 13:00:00,2.8406243731687377,2.5162333333333335,3.366916666666667,2.9198075,-0.4125000000000001,False,False
2026-02-12 14:00:00,3.3939192731090624,2.3535833333333334,2.5162333333333335,2.9981975000000003,-1.0925,False,False
2026-02-12 15:00:00,3.4527859515758585,3.8070666666666666,2.3535833333333334,3.0662025000000006,-1.6058333333333332,True,False
2026-02-12 16:00:00,3.4318511406123036,3.1934750000000003,3.8070666666666666,3.3975174999999997,-2.8991666666666664,True,False
2026-02-12 17:00:00,3.9316954638135977,4.212108333333333,3.1934750000000003,3.5151024999999994,-3.8191666666666664,True,False
2026-02-12 18:00:00,3.9018818392087224,3.436758333333333,4.212108333333333,3.6975099999999994,-4.416666666666666,True,False
2026-02-12 19:00:00,4.369768297389071,3.0305166666666667,3.436758333333333,3.8351950000000006,-5.096666666666667,False,False
2026-02-12 20:00:00,4.280251982058477,3.786391666666667,3.0305166666666667,4.0145875,-6.014166666666667,True,False
2026-02-12 21:00:00,4.7798304169929136,4.787366666666666,3.786391666666667,4.147917500000001,-6.9875,False,False
2026-02-12 22:00:00,4.74952434435761,1.924825,4.787366666666666,4.420942499999999,-7.735833333333333,False,False
2026-02-12 23:00:00,4.844997876836978,4.573100000000001,1.924825,4.4524325000000005,-8.477500000000001,True,True
2026-02-13 00:00:00,5.155630767544107,4.728841666666666,4.573100000000001,4.613064999999999,-9.166666666666666,True,False
2026-02-13 01:00:00,4.8499148611520635,6.180033333333332,4.728841666666666,4.771184999999999,-9.953333333333333,True,False
2026-02-13 02:00:00,5.11444946375961,4.2273499999999995,6.180033333333332,4.740364999999999,-9.37,True,False
2026-02-13 03:00:00,4.893273413123089,5.601999999999999,4.2273499999999995,4.844717500000001,-10.199166666666667,True,False
2026-02-13 04:00:00,5.179649308819155,4.2957,5.601999999999999,5.0081975,-10.782499999999999,True,False
2026-02-13 05:00:00,5.264702144238345,6.237658333333334,4.2957,5.092952499999999,-11.634166666666667,True,True
2026-02-13 06:00:00,5.222054475049278,4.702133333333333,6.237658333333334,5.3954575,-12.704166666666666,True,False
2026-02-13 07:00:00,5.158464566672333,5.210916666666666,4.702133333333333,5.11456,-11.536666666666667,True,False
2026-02-13 08:00:00,5.2600556287355715,5.794574999999999,5.210916666666666,4.34875,-7.796666666666667,True,False
2026-02-13 09:00:00,4.7436731051683285,4.8809,5.794574999999999,4.143730000000001,-6.291666666666667,True,False
2026-02-13 10:00:00,4.076625976128076,3.3887666666666663,4.8809,3.64525,-4.326666666666667,True,False
2026-02-13 11:00:00,3.345978869692089,0.8782333333333332,3.3887666666666663,3.32834,-2.5,False,False
2026-02-13 12:00:00,2.971091543430801,2.2632916666666665,0.8782333333333332,3.0131049999999995,-1.2816666666666665,False,False
2026-02-13 13:00:00,2.7060915403871943,0.66665,2.2632916666666665,2.9184674999999998,-0.5358333333333333,True,False
2026-02-13 14:00:00,2.881443159105098,0.8809416666666666,0.66665,2.9062400000000004,-0.67,True,False
2026-02-13 15:00:00,3.2656333616870654,3.5822916666666664,0.8809416666666666,3.2298500000000003,-2.12,True,False
2026-02-13 16:00:00,2.921758414555851,2.4755583333333333,3.5822916666666664,3.4422399999999995,-3.106666666666667,False,False
2026-02-13 17:00:00,3.7333385418045504,4.694658333333333,2.4755583333333333,3.6650150000000012,-4.37,False,False
2026-02-13 18:00:00,3.6650174210935353,2.5429416666666667,4.694658333333333,3.98159,-5.62,False,False
2026-02-13 19:00:00,3.897390085813512,4.047091666666667,2.5429416666666667,4.1489225,-6.737500000000001,True,False
2026-02-13 20:00:00,4.205865566253972,3.2973166666666662,4.047091666666667,4.376387499999999,-7.769166666666667,False,False
2026-02-13 21:00:00,4.372401070453979,4.871991666666666,3.2973166666666662,4.421277500000001,-8.1575,True,False
2026-02-13 22:00:00,4.71202174132409,7.123324999999998,4.871991666666666,4.414745,-8.049999999999999,True,False
2026-02-13 23:00:00,4.261531546556437,5.290275,7.123324999999998,4.57253,-8.505,True,False
2026-02-14 00:00:00,4.7963967170477755,5.682466666666666,5.290275,4.389620000000001,-8.005,True,False
2026-02-14 01:00:00,4.746126237137238,4.538508333333333,5.682466666666666,4.4386975,-7.814166666666666,True,False
2026-02-14 02:00:00,4.860989238570996,5.410941666666667,4.538508333333333,4.449082499999999,-8.360833333333334,False,False
2026-02-14 03:00:00,4.797430122834482,5.751325,5.410941666666667,4.7907825,-9.735833333333334,True,False
2026-02-14 04:00:00,4.747288539535555,4.7354,5.751325,4.8641475000000005,-10.355833333333333,True,False
2026-02-14 05:00:00,4.862227175841886,5.053058333333333,4.7354,5.1850775,-12.167499999999999,True,False
2026-02-14 06:00:00,5.194160865147963,6.869675,5.053058333333333,5.683725,-14.448333333333332,True,False
2026-02-14 07:00:00,4.741962186194551,3.955591666666667,6.869675,5.32427,-12.115,True,False
2026-02-14 08:00:00,4.49229206724783,5.9465249999999985,3.955591666666667,3.9227975000000006,-5.767500000000001,True,False
2026-02-14 09:00:00,3.9896865826370598,3.5405333333333338,5.9465249999999985,3.6861200000000003,-4.13,True,False
2026-02-14 10:00:00,3.5800868216575656,2.907408333333333,3.5405333333333338,3.0933374999999996,-1.6208333333333333,True,False
2026-02-14 11:00:00,2.9729560131615185,2.2466333333333335,2.907408333333333,2.8856374999999996,-0.2775,True,False
2026-02-14 12:00:00,2.966414781001851,3.3390666666666666,2.2466333333333335,2.8239975,-0.24083333333333332,False,False
2026-02-14 13:00:00,2.3821759842874872,2.377833333333333,3.3390666666666666,2.7188075,0.1525,True,True
2026-02-14 14:00:00,2.8889954454146034,3.6920916666666663,2.377833333333333,2.906575,-0.6816666666666666,True,False
2026-02-14 15:00:00,3.423939347632246,3.4087166666666664,3.6920916666666663,3.04962,-1.3883333333333334,False,False
2026-02-14 16:00:00,3.3370545393385713,3.0301666666666667,3.4087166666666664,3.3271675000000007,-2.6491666666666664,True,False
2026-02-14 17:00:00,3.454881308027147,3.241574999999999,3.0301666666666667,3.450782500000001,-3.2641666666666667,False,False
2026-02-14 18:00:00,3.9363324412110794,3.7318249999999993,3.241574999999999,3.3755749999999987,-2.9399999999999995,False,False
2026-02-14 19:00:00,3.375486900530486,4.026966666666667,3.7318249999999993,3.5328575,-3.4825,True,False
2026-02-14 20:00:00,3.010709219767148,2.4694583333333333,4.026966666666667,3.6112475,-3.8974999999999995,True,False
2026-02-14 21:00:00,3.7646230035431736,4.78505,2.4694583333333333,3.8594825,-5.2225,True,False
2026-02-14 22:00:00,3.09523833136619,3.192666666666667,4.78505,4.00437,-5.718333333333334,False,False
2026-02-14 23:00:00,3.823393967522417,5.648483333333333,3.192666666666667,4.04859,-6.453333333333333,True,False
2026-02-15 00:00:00,3.628235774777881,4.381841666666666,5.648483333333333,4.263660000000001,-7.033333333333334,False,False
2026-02-15 01:00:00,3.3726497175654586,4.992075000000001,4.381841666666666,4.4202725,-8.0475,True,False
2026-02-15 02:00:00,4.2011822430795736,4.734491666666667,4.992075000000001,4.729142499999999,-9.454166666666667,True,False
2026-02-15 03:00:00,4.094367200804272,3.969808333333333,4.734491666666667,5.0805575,-11.0375,True,False
2026-02-15 04:00:00,4.719739259669817,5.244408333333333,3.969808333333333,5.163805000000002,-12.036666666666667,True,True
2026-02-15 05:00:00,4.760211654576738,5.066441666666666,5.244408333333333,5.3493949999999995,-12.765,True,False
2026-02-15 06:00:00,4.736018228622591,5.881933333333333,5.066441666666666,5.4850699999999994,-13.185,True,False
2026-02-15 07:00:00,4.804528667089331,4.088933333333333,5.881933333333333,5.2808874999999995,-12.079166666666667,True,False
2026-02-15 08:00:00,4.768327026676437,4.488458333333335,4.088933333333333,4.567170000000001,-8.958333333333334,True,False
2026-02-15 09:00:00,4.338354718731716,5.6234166666666665,4.488458333333335,4.25361,-7.273333333333333,True,False
2026-02-15 10:00:00,3.4878507252338036,3.3358583333333334,5.6234166666666665,3.8408900000000004,-5.015000000000001,True,False
2026-02-15 11:00:00,3.5160801370210226,1.5607833333333334,3.3358583333333334,3.472222500000001,-3.3008333333333333,True,False
2026-02-15 12:00:00,2.297127985898525,1.7899083333333334,1.5607833333333334,2.9784325000000003,-0.8241666666666666,True,False
2026-02-15 13:00:00,2.3530147283595486,0.7125833333333333,1.7899083333333334,2.7122750000000004,0.31,False,False
2026-02-15 14:00:00,2.2139809124553462,1.8013166666666665,0.7125833333333333,2.682125,0.6900000000000001,True,False
2026-02-15 15:00:00,2.858921875390455,2.7593083333333337,1.8013166666666665,3.1038900000000007,-1.593333333333333,False,False
2026-02-15 16:00:00,3.3178877125464665,3.775958333333333,2.7593083333333337,3.4104149999999995,-3.078333333333333,True,False
2026-02-15 17:00:00,3.4445334131714334,5.420816666666666,3.775958333333333,3.7909750000000004,-5.111666666666667,True,False
2026-02-15 18:00:00,3.1741936439810083,3.2329416666666666,5.420816666666666,4.152607499999999,-6.360833333333333,False,False
2026-02-15 19:00:00,3.8300166954158783,4.041775,3.2329416666666666,4.3968225,-8.115833333333333,True,True
2026-02-15 20:00:00,3.813811487635336,4.703874999999999,4.041775,4.7438825,-9.6075,False,False
2026-02-15 21:00:00,3.758437751092546,3.1007000000000002,4.703874999999999,5.062635,-10.828333333333333,True,False
2026-02-15 22:00:00,4.352720048387586,5.687941666666665,3.1007000000000002,5.1222650000000005,-11.875,True,True
2026-02-15 23:00:00,4.742525799895773,4.884991666666666,5.687941666666665,5.50249,-13.411666666666667,True,False
2026-02-16 00:00:00,5.090510288711457,6.196583333333333,4.884991666666666,5.756922499999999,-14.5175,True,False
2026-02-16 01:00:00,4.282425260917258,3.895758333333333,6.196583333333333,5.964957499999999,-15.292499999999997,True,False
2026-02-16 02:00:00,5.4023069468181095,5.459291666666666,3.895758333333333,6.054402500000001,-16.2925,True,False
2026-02-16 03:00:00,5.301461413088821,5.486516666666666,5.459291666666666,6.2587525,-17.014166666666668,True,False
2026-02-16 04:00:00,5.545351837800356,4.789433333333333,5.486516666666666,6.389905000000001,-17.581666666666667,True,False
2026-02-16 05:00:00,5.743700964295079,4.984933333333333,4.789433333333333,6.264279999999999,-17.356666666666666,True,True
2026-02-16 06:00:00,6.306285347291201,4.953225,4.984933333333333,6.1502124999999985,-16.879166666666666,True,False
2026-02-16 07:00:00,5.983341410919143,7.497633333333334,4.953225,5.765967500000001,-14.9125,True,False
2026-02-16 08:00:00,4.736309835635735,3.556858333333333,7.497633333333334,4.745724999999999,-9.271666666666667,True,False
2026-02-16 09:00:00,4.46803577803664,5.561183333333333,3.556858333333333,3.8708725,-5.439166666666666,True,False
2026-02-16 10:00:00,3.310307923596763,1.3382916666666667,5.561183333333333,3.2293474999999985,-1.7275,False,False
2026-02-16 11:00:00,2.957686668709549,2.3721916666666667,1.3382916666666667,2.6243375000000007,0.7775,False,False
2026-02-16 12:00:00,1.608333340985532,1.1329416666666665,2.3721916666666667,2.3432725,2.735833333333334,False,False
2026-02-16 13:00:00,1.6967843261459925,1.8876333333333335,1.1329416666666665,2.057685,3.7116666666666664,False,False
2026-02-16 14:00:00,2.340574001197084,2.125658333333333,1.8876333333333335,2.0769474999999997,3.4258333333333333,False,False
2026-02-16 15:00:00,2.7791158754207492,2.640258333333333,2.125658333333333,2.3442774999999996,2.1708333333333334,False,False
2026-02-16 16:00:00,2.9038650776638786,3.253058333333333,2.640258333333333,2.7427599999999996,0.14833333333333334,True,False
2026-02-16 17:00:00,2.616092386054982,3.8889416666666667,3.253058333333333,3.3685399999999994,-3.01,True,True
2026-02-16 18:00:00,3.3229510627962906,3.6984916666666665,3.8889416666666667,3.7223,-4.565,False,False
2026-02-16 19:00:00,3.3301975719100847,3.208341666666667,3.6984916666666665,4.0517725,-6.394166666666667,True,False
2026-02-16 20:00:00,3.289948761232152,3.9875,3.208341666666667,4.298165000000001,-7.330000000000001,True,False
2026-02-16 21:00:00,2.9695621853062373,3.5965416666666665,3.9875,4.54238,-8.635,True,True
2026-02-16 22:00:00,3.7708044216286614,4.133249999999999,3.5965416666666665,4.7556075,-9.725833333333334,True,False
2026-02-16 23:00:00,4.254389533432793,5.706675000000001,4.133249999999999,4.90351,-10.531666666666666,True,False
2026-02-17 00:00:00,3.560829276223496,3.579033333333333,5.706675000000001,4.9998225,-10.495833333333334,False,False
2026-02-17 01:00:00,4.2805725260979814,3.842516666666667,3.579033333333333,4.9073625000000005,-10.615833333333333,True,False
2026-02-17 02:00:00,4.261930738466109,4.333825,3.842516666666667,4.7793925,-10.124166666666666,True,False
2026-02-17 03:00:00,4.708371384344869,6.022816666666666,4.333825,4.7489075,-9.772499999999999,True,False
2026-02-17 04:00:00,4.204762596717747,4.755425,6.022816666666666,4.773195000000001,-9.588333333333333,True,False
2026-02-17 05:00:00,4.596986439140374,3.649716666666667,4.755425,4.960962499999999,-10.667499999999999,True,False
2026-02-17 06:00:00,4.799859256423303,5.430766666666666,3.649716666666667,5.1524149999999995,-11.889999999999999,True,False
2026-02-17 07:00:00,4.246656022451463,5.215299999999999,5.430766666666666,4.874700000000001,-10.163333333333334,False,False
2026-02-17 08:00:00,3.877218169992451,3.2755083333333332,5.215299999999999,3.8487624999999994,-4.774166666666667,True,False
2026-02-17 09:00:00,3.5404780373783296,4.551833333333334,3.2755083333333332,3.024495000000001,-1.2133333333333334,True,False
2026-02-17 10:00:00,2.8726585693905635,1.3350416666666667,4.551833333333334,2.7191425,0.9408333333333334,False,False
2026-02-17 11:00:00,2.394984872458647,0.4337083333333333,1.3350416666666667,2.2864899999999997,2.703333333333333,False,False
2026-02-17 12:00:00,2.343976272299539,3.331591666666667,0.4337083333333333,2.1885025000000002,2.8608333333333333,True,True
2026-02-17 13:00:00,2.855708925918586,2.6948999999999996,3.331591666666667,2.4598524999999998,1.8008333333333333,False,False
2026-02-17 14:00:00,2.9270503842042155,3.3740083333333337,2.6948999999999996,2.39771,1.7500000000000002,False,False
2026-02-17 15:00:00,2.7853921496273255,3.199741666666667,3.3740083333333337,2.484642499999999,1.6624999999999999,True,False
2026-02-17 16:00:00,2.9071741337370502,3.9029583333333324,3.199741666666667,2.508427499999999,1.1941666666666666,True,False
2026-02-17 17:00:00,2.7703318463684194,3.431891666666667,3.9029583333333324,2.7057424999999995,0.5874999999999999,True,False
2026-02-17 18:00:00,2.907368408144031,3.9982083333333334,3.431891666666667,2.7375675,0.2041666666666667,True,False
2026-02-17 19:00:00,2.8585560531214425,2.0620249999999998,3.9982083333333334,2.839575,0.08666666666666667,False,False
2026-02-17 20:00:00,3.413057188891504,3.206291666666667,2.0620249999999998,2.6345549999999998,0.6766666666666666,True,False
2026-02-17 21:00:00,3.3550474805696657,3.0431166666666667,3.206291666666667,2.7863099999999994,0.1666666666666667,False,False
2026-02-17 22:00:00,3.3532068339819494,3.6857416666666665,3.0431166666666667,2.7372325,0.12083333333333335,True,True
2026-02-17 23:00:00,3.4458876282185797,5.076625,3.6857416666666665,2.7817874999999996,0.01416666666666667,True,False
2026-02-18 00:00:00,3.361120684026052,2.297225,5.076625,3.00071,-0.68,False,False
2026-02-18 01:00:00,3.447012361571696,3.690708333333333,2.297225,3.3422425000000002,-2.8791666666666664,True,False
2026-02-18 02:00:00,3.4672460110796486,4.174283333333333,3.690708333333333,3.3655250000000003,-3.0500000000000003,True,False
2026-02-18 03:00:00,3.4145512095770645,4.229166666666667,4.174283333333333,3.3693774999999997,-2.6841666666666666,False,False
2026-02-18 04:00:00,3.153315388054851,3.3907833333333333,4.229166666666667,3.1100874999999997,-1.3791666666666664,True,False
2026-02-18 05:00:00,3.8268932233279984,3.6821666666666664,3.3907833333333333,3.2306874999999997,-2.0591666666666666,True,False
2026-02-18 06:00:00,3.8315630382150543,4.132275,3.6821666666666664,3.293835,-2.453333333333333,True,False
2026-02-18 07:00:00,3.949835912551457,4.904466666666666,4.132275,3.1988625,-2.120833333333333,False,False
2026-02-18 08:00:00,2.729832281908013,2.0473333333333334,4.904466666666666,2.9533075,-0.3841666666666667,True,False
2026-02-18 09:00:00,2.900741437572043,3.8263833333333337,2.0473333333333334,2.6571675000000003,0.6291666666666667,True,False
2026-02-18 10:00:00,2.302105468624345,1.9923083333333333,3.8263833333333337,2.481125,1.75,True,False
2026-02-18 11:00:00,2.342828536421004,0.0,1.9923083333333333,2.4313775,2.0475,False,False
2026-02-18 12:00:00,1.7258935589105433,1.328825,0.0,2.1248525,3.3275,False,False
2026-02-18 13:00:00,0.9594159122514694,1.1105333333333334,1.328825,2.0943674999999997,3.499166666666667,False,False
2026-02-18 14:00:00,1.7077179430318572,1.1615916666666666,1.1105333333333334,2.3246800000000003,2.1533333333333333,False,False
2026-02-18 15:00:00,2.347697783350213,2.548,1.1615916666666666,2.5293650000000003,1.055,True,False
2026-02-18 16:00:00,2.9263351500082275,3.8479083333333333,2.548,2.8650349999999998,-0.685,True,True
2026-02-18 17:00:00,2.850169395855973,4.104791666666666,3.8479083333333333,3.2868000000000004,-2.3283333333333336,True,False
2026-02-18 18:00:00,3.273692519997417,3.2614166666666664,4.104791666666666,3.3482725,-2.7591666666666668,False,False
2026-02-18 19:00:00,3.4313424550473726,4.043725,3.2614166666666664,3.4375500000000003,-3.3533333333333335,True,False
2026-02-18 20:00:00,3.3109974717665063,5.077875,4.043725,3.5693725,-3.8341666666666665,True,False
2026-02-18 21:00:00,3.25416527524932,4.209316666666666,5.077875,3.7427349999999993,-4.541666666666667,True,False
2026-02-18 22:00:00,3.8675668542893504,4.548633333333334,4.209316666666666,3.8794149999999994,-5.291666666666667,True,False
2026-02-18 23:00:00,3.748611494595765,3.3497416666666666,4.548633333333334,3.99767,-5.815,True,False
2026-02-19 00:00:00,3.911005892914321,4.477516666666667,3.3497416666666666,4.1380349999999995,-6.708333333333333,True,False
2026-02-19 01:00:00,3.940010178905856,5.211125,4.477516666666667,3.9611549999999998,-5.668333333333334,False,False
2026-02-19 02:00:00,3.760149691551026,2.9821000000000004,5.211125,4.261315,-7.051666666666667,True,False
2026-02-19 03:00:00,4.327352025252229,4.009791666666667,2.9821000000000004,4.422115,-7.976666666666667,True,False
2026-02-19 04:00:00,4.284061376022298,5.940333333333333,4.009791666666667,4.5301525,-8.619166666666667,True,False
2026-02-19 05:00:00,4.365261110849878,4.752291666666667,5.940333333333333,4.9468925,-10.852500000000001,True,True
2026-02-19 06:00:00,4.7756903063487375,5.058433333333333,4.752291666666667,5.3708350000000005,-12.726666666666667,True,False
2026-02-19 07:00:00,4.327572673784321,4.484458333333333,5.058433333333333,4.807532499999999,-9.704166666666667,True,False
2026-02-19 08:00:00,4.042366148236886,5.421283333333333,4.484458333333333,3.7172749999999994,-4.575,False,False
2026-02-19 09:00:00,3.4103636578497,2.8385833333333332,5.421283333333333,3.5586525,-3.2558333333333334,False,False
2026-02-19 10:00:00,3.0250315459404886,2.3223,2.8385833333333332,2.9757525,-0.8508333333333332,True,False
2026-02-19 11:00:00,2.9882625682022663,1.1324333333333332,2.3223,2.728522499999999,0.5841666666666666,False,False
2026-02-19 12:00:00,2.4187079467040435,1.807325,1.1324333333333332,2.390675,1.7349999999999997,False,False
2026-02-19 13:00:00,2.3896738176340526,2.4017,1.807325,2.167732499999999,2.749166666666666,True,False
2026-02-19 14:00:00,1.6645334857811571,1.1766999999999999,2.4017,2.2955350000000005,2.578333333333333,False,False
2026-02-19 15:00:00,2.860757576158563,3.316758333333333,1.1766999999999999,2.4874900000000006,1.3483333333333334,True,False
2026-02-19 16:00:00,2.9404712420296044,2.1042083333333332,3.316758333333333,2.792172499999999,-0.20750000000000002,True,False
2026-02-19 17:00:00,3.452576412459864,1.8255833333333333,2.1042083333333332,3.2450925000000006,-2.6858333333333335,False,True
2026-02-19 18:00:00,3.2908537341987145,3.2013583333333333,1.8255833333333333,3.51125,-3.9650000000000003,False,False
2026-02-19 19:00:00,3.311867496876861,2.535933333333334,3.2013583333333333,3.8425649999999996,-5.438333333333333,True,False
2026-02-19 20:00:00,3.7738286699767785,3.6019499999999995,2.535933333333334,4.141385,-7.315,False,False
2026-02-19 21:00:00,3.835124689100383,4.527591666666667,3.6019499999999995,4.42111,-8.656666666666666,True,False
2026-02-19 22:00:00,3.6787527043190003,2.7030749999999997,4.527591666666667,4.860629999999999,-10.208333333333334,False,False
2026-02-19 23:00:00,4.687403301197276,3.852633333333334,2.7030749999999997,4.9968075,-11.550833333333332,False,False
2026-02-20 00:00:00,4.505670808512618,5.295625,3.852633333333334,5.238342500000001,-12.507499999999999,False,False
2026-02-20 01:00:00,4.419580655384368,3.4272416666666667,5.295625,5.480547499999999,-13.3525,True,False
2026-02-20 02:00:00,5.104560111883597,4.2240166666666665,3.4272416666666667,5.5616175000000005,-14.180833333333334,False,False
2026-02-20 03:00:00,4.8845367650014895,3.7908083333333336,4.2240166666666665,5.792097499999999,-15.1025,False,False
2026-02-20 04:00:00,5.716689760258372,4.810033333333333,3.7908083333333336,5.877689999999999,-15.89333333333333,True,False
2026-02-20 05:00:00,6.060245363499203,4.025408333333333,4.810033333333333,6.134634999999999,-16.791666666666668,True,False
2026-02-20 06:00:00,6.317338263875016,4.244541666666667,4.025408333333333,6.012694999999998,-16.819999999999997,True,True
2026-02-20 07:00:00,5.971016596926401,6.201508333333332,4.244541666666667,5.375859999999999,-13.601666666666665,True,False
2026-02-20 08:00:00,4.850664796563101,5.330225,6.201508333333332,4.15445,-7.005,True,False
2026-02-20 09:00:00,4.114941209445768,3.7273000000000005,5.330225,3.5695399999999995,-3.875,True,False
2026-02-20 10:00:00,3.457310191357731,2.4411250000000004,3.7273000000000005,3.0568225,-1.689166666666667,False,False
2026-02-20 11:00:00,2.6313847903666336,1.4330833333333333,2.4411250000000004,2.8672125,-0.3658333333333333,False,False
2026-02-20 12:00:00,2.846282828096121,1.4623583333333332,1.4330833333333333,2.5868175,0.6841666666666667,False,False
2026-02-20 13:00:00,2.390429428673354,3.7449583333333334,1.4623583333333332,2.4045775000000003,1.2358333333333333,False,False
2026-02-20 14:00:00,2.1704130332961618,1.3259166666666666,3.7449583333333334,2.5710724999999996,1.2025,True,False
2026-02-20 15:00:00,2.8564487602387914,2.439133333333333,1.3259166666666666,2.6739174999999995,0.19083333333333333,False,False
2026-02-20 16:00:00,3.42543334723993,3.482141666666667,2.439133333333333,2.8928399999999996,-1.2083333333333333,True,False
2026-02-20 17:00:00,3.804937914052082,3.413558333333333,3.482141666666667,3.2273374999999995,-2.5225000000000004,True,False
2026-02-20 18:00:00,3.9394720211294803,4.502083333333333,3.413558333333333,3.3439175000000008,-3.4175,False,True
2026-02-20 19:00:00,3.78724261072435,3.1679666666666666,4.502083333333333,3.6189524999999994,-4.345833333333333,True,False
2026-02-20 20:00:00,3.496888707280175,2.966183333333333,3.1679666666666666,3.7621649999999995,-5.228333333333333,True,False
2026-02-20 21:00:00,4.243967812580306,4.736425,2.966183333333333,3.868527499999999,-5.9075,False,False
2026-02-20 22:00:00,4.218538931819489,5.053541666666667,4.736425,4.1214525,-6.865833333333334,True,False
2026-02-20 23:00:00,4.0581319350413825,4.509908333333334,5.053541666666667,4.3706925,-7.845833333333334,True,False
2026-02-21 00:00:00,4.708177582357466,4.822066666666666,4.509908333333334,4.532162499999999,-8.904166666666667,False,False
2026-02-21 01:00:00,4.69672110287548,4.060925,4.822066666666666,4.739694999999999,-9.721666666666666,True,False
2026-02-21 02:00:00,5.198768639033928,4.948049999999999,4.060925,4.787097499999999,-10.522499999999999,True,True
2026-02-21 03:00:00,5.177338550930188,5.238941666666666,4.948049999999999,4.9656525,-11.105833333333331,True,False
2026-02-21 04:00:00,5.171616120486265,5.256466666666666,5.238941666666666,5.0564374999999995,-11.467500000000001,True,False
2026-02-21 05:00:00,5.417329987598738,4.380333333333333,5.256466666666666,5.364972500000001,-12.722500000000002,True,False
2026-02-21 06:00:00,5.603458465807286,5.371983333333333,4.380333333333333,5.471335000000002,-13.706666666666669,True,False
2026-02-21 07:00:00,5.244036575211987,5.097616666666666,5.371983333333333,5.0165725,-11.324166666666665,True,False
2026-02-21 08:00:00,4.625074574052965,4.736291666666666,5.097616666666666,4.5097175,-8.7225,True,False
2026-02-21 09:00:00,4.0074637277320795,4.150466666666667,4.736291666666666,4.2068775,-7.380833333333334,True,True
2026-02-21 10:00:00,3.532151115186175,3.9154250000000004,4.150466666666667,3.6464224999999995,-4.4225,True,False
2026-02-21 11:00:00,2.7158524689444685,0.0,3.9154250000000004,3.5857875000000003,-3.8508333333333336,False,False
2026-02-21 12:00:00,2.88651948125742,1.9207416666666668,0.0,3.3429125,-2.8674999999999997,False,False
2026-02-21 13:00:00,1.6107824863533011,1.0455583333333334,1.9207416666666668,3.029185,-1.1516666666666666,False,False
2026-02-21 14:00:00,2.3132140399026824,2.4353833333333332,1.0455583333333334,2.78028,-0.3283333333333333,False,True
2026-02-21 15:00:00,2.8184971900658042,2.240158333333333,2.4353833333333332,3.0367224999999998,-1.4541666666666666,False,False
2026-02-21 16:00:00,3.413614687455796,2.7289000000000003,2.240158333333333,3.2372199999999998,-2.6566666666666663,False,False
2026-02-21 17:00:00,3.3910789154523826,3.034241666666666,2.7289000000000003,3.6290025,-4.290833333333333,False,False
2026-02-21 18:00:00,3.9206594561840715,3.1429499999999995,3.034241666666666,3.8529499999999994,-5.760000000000001,False,False
2026-02-21 19:00:00,3.955009040325252,3.8503583333333333,3.1429499999999995,4.2467425,-7.344166666666666,True,False
2026-02-21 20:00:00,4.231285442169311,2.8982583333333336,3.8503583333333333,4.477055,-8.445,True,False
2026-02-21 21:00:00,4.3837523049814795,4.056024999999999,2.8982583333333336,4.623282499999999,-9.4625,True,False
2026-02-21 22:00:00,4.250943682692118,3.9975749999999994,4.056024999999999,4.86532,-10.221666666666666,False,False
2026-02-21 23:00:00,3.96547808302764,3.6458166666666667,3.9975749999999994,4.997980000000001,-11.241666666666667,True,False
2026-02-22 00:00:00,4.694682106528654,5.191749999999999,3.6458166666666667,5.096302499999999,-11.860833333333332,True,False
2026-02-22 01:00:00,5.131919518646463,6.302149999999999,5.191749999999999,5.2148924999999995,-12.440833333333332,True,False
2026-02-22 02:00:00,5.110934165929577,4.671749999999999,6.302149999999999,5.428957499999999,-13.055833333333334,True,False
2026-02-22 03:00:00,4.730811595031022,4.788933333333333,4.671749999999999,5.622755,-14.31,True,True
2026-02-22 04:00:00,5.464340766265887,5.353891666666666,4.788933333333333,5.80667,-15.329999999999998,True,False
2026-02-22 05:00:00,5.918318706064493,5.740616666666666,5.353891666666666,5.903484999999999,-15.856666666666664,True,False
2026-02-22 06:00:00,5.894050200967698,4.891383333333334,5.740616666666666,5.876517499999999,-15.5175,True,False
2026-02-22 07:00:00,5.606257796049676,6.603725,4.891383333333334,5.2564325,-12.527499999999998,True,False
2026-02-22 08:00:00,4.415374347407539,3.207491666666666,6.603725,4.0360275,-6.195833333333334,False,False
2026-02-22 09:00:00,4.059586773713876,5.557549999999999,3.207491666666666,3.2583250000000006,-2.6666666666666665,True,False
2026-02-22 10:00:00,3.51765716973394,1.9439833333333336,5.557549999999999,2.790329999999999,-0.02833333333333336,True,False
2026-02-22 11:00:00,3.015067513517221,1.8377833333333333,1.9439833333333336,2.509264999999999,1.3550000000000002,False,False
2026-02-22 12:00:00,1.5603607213425303,0.9407166666666666,1.8377833333333333,2.2560050000000005,2.6950000000000003,False,False
2026-02-22 13:00:00,1.6725375676342824,0.950975,0.9407166666666666,2.1345674999999997,3.3541666666666665,False,False
2026-02-22 14:00:00,2.3243709021894183,0.9229833333333333,0.950975,2.1462924999999995,3.050833333333333,True,False
2026-02-22 15:00:00,2.8880508457951337,1.8144166666666663,0.9229833333333333,2.3643774999999994,1.855833333333333,False,False
2026-02-22 16:00:00,3.416651697587917,2.935025,1.8144166666666663,2.61546,0.5416666666666669,False,False
2026-02-22 17:00:00,3.4372613590563623,4.107458333333333,2.935025,3.23588,-2.685,True,False
2026-02-22 18:00:00,3.3685333576287455,3.6054749999999998,4.107458333333333,3.5995225000000004,-4.194166666666667,True,False
2026-02-22 19:00:00,3.8967530307786524,3.973883333333333,3.6054749999999998,3.814089999999999,-5.4816666666666665,True,False
2026-02-22 20:00:00,3.835664209236011,4.511658333333334,3.973883333333333,4.124467499999999,-6.610833333333333,True,False
2026-02-22 21:00:00,2.9434832260018466,3.6815999999999995,4.511658333333334,4.2809124999999995,-7.454166666666667,False,False
2026-02-22 22:00:00,3.76826513194754,3.3531583333333335,3.6815999999999995,4.4135725,-8.264166666666666,True,False
2026-02-22 23:00:00,3.61993852806763,5.175841666666666,3.3531583333333335,4.648909999999998,-9.385,True,False
2026-02-23 00:00:00,3.549538033074523,3.7280916666666664,5.175841666666666,4.7755399999999995,-9.924999999999999,False,False
2026-02-23 01:00:00,4.2764135016137015,4.5496583333333325,3.7280916666666664,4.7741999999999996,-10.073333333333332,True,False
2026-02-23 02:00:00,4.255714417449636,2.9960916666666666,4.5496583333333325,4.834500000000001,-10.138333333333334,True,False
2026-02-23 03:00:00,4.797733340012836,4.835425,2.9960916666666666,4.5701849999999995,-9.323333333333332,True,True
2026-02-23 04:00:00,5.177006751794881,4.609591666666667,4.835425,4.423957499999999,-8.485833333333334,True,False
2026-02-23 05:00:00,4.9863467754107225,4.441999999999999,4.609591666666667,4.523620000000001,-8.716666666666667,True,False
2026-02-23 06:00:00,5.092544413878874,5.006016666666667,4.441999999999999,4.4308250000000005,-8.38,False,False
2026-02-23 07:00:00,4.384043322998935,3.249116666666666,5.006016666666667,4.34942,-7.62,True,False
2026-02-23 08:00:00,4.723748489347876,4.340941666666667,3.249116666666666,4.0598125,-6.809166666666666,True,True
2026-02-23 09:00:00,4.78020827627785,5.199166666666667,4.340941666666667,3.9686924999999995,-6.190833333333333,True,False
2026-02-23 10:00:00,4.1392900528211,3.83195,5.199166666666667,3.9266499999999995,-5.6066666666666665,False,False
2026-02-23 11:00:00,4.0850791723729305,3.7599416666666667,3.83195,3.9073875000000005,-5.510833333333333,True,False
2026-02-23 12:00:00,4.327394527183206,3.4121583333333327,3.7599416666666667,3.780924999999999,-5.286666666666666,False,False
2026-02-23 13:00:00,4.363062081941901,4.252624999999999,3.4121583333333327,3.6951649999999994,-5.069999999999999,True,False
2026-02-23 14:00:00,4.359960647645766,5.485125,4.252624999999999,3.6635074999999997,-4.7725,True,False
2026-02-23 15:00:00,3.7970853315090336,4.24025,5.485125,3.6745625,-4.5874999999999995,True,False
2026-02-23 16:00:00,4.259269443712073,5.700591666666666,4.24025,3.7574750000000003,-4.930000000000001,True,False
2026-02-23 17:00:00,4.183206239381895,4.7939083333333325,5.700591666666666,3.8919774999999994,-5.324166666666667,True,False
2026-02-23 18:00:00,3.6571864111172334,2.537183333333333,4.7939083333333325,3.9650074999999996,-5.5874999999999995,True,False
2026-02-23 19:00:00,4.2985470621198125,2.9078249999999994,2.537183333333333,3.9197824999999993,-5.7075,True,True
2026-02-23 20:00:00,4.331298589967287,3.752183333333333,2.9078249999999994,3.8913075,-5.670833333333333,False,False
2026-02-23 21:00:00,3.508650030469802,3.920416666666667,3.752183333333333,3.8212924999999993,-5.5475,False,True
2026-02-23 22:00:00,4.160901138118333,4.181083333333333,3.920416666666667,3.8800850000000002,-5.68,False,False
2026-02-23 23:00:00,4.246714493323341,4.424191666666666,4.181083333333333,3.889465,-5.721666666666667,True,False
2026-02-24 00:00:00,4.294167002345804,5.190183333333333,4.424191666666666,3.9105699999999994,-5.801666666666667,True,False
2026-02-24 01:00:00,4.027549796295531,3.5566083333333336,5.190183333333333,3.9273199999999995,-5.640000000000001,True,False
2026-02-24 02:00:00,4.311380793208043,5.189408333333334,3.5566083333333336,3.803035,-5.541666666666667,True,True
2026-02-24 03:00:00,4.3171907933384475,4.225116666666667,5.189408333333334,3.8924799999999995,-5.661666666666666,True,False
2026-02-24 04:00:00,4.31500719828422,4.511841666666665,4.225116666666667,3.9539525000000006,-5.857500000000001,True,False
2026-02-24 05:00:00,4.307303191212537,4.502608333333333,4.511841666666665,4.00839,-6.283333333333334,True,False
2026-02-24 06:00:00,4.760705644504154,3.80095,4.502608333333333,4.004035,-6.416666666666667,False,True
2026-02-24 07:00:00,4.256035955563636,5.7727916666666665,3.80095,3.9353600000000006,-5.995,True,False
2026-02-24 08:00:00,3.4520092710903962,3.7285999999999997,5.7727916666666665,3.5846150000000003,-3.875,False,False
2026-02-24 09:00:00,3.5001082087160746,3.8525583333333335,3.7285999999999997,3.2744050000000007,-2.7466666666666666,True,False
2026-02-24 10:00:00,2.786794022217995,3.6017666666666663,3.8525583333333335,3.2157800000000005,-2.1750000000000003,False,False
2026-02-24 11:00:00,2.631980793123453,1.941625,3.6017666666666663,3.3392274999999993,-2.6841666666666666,False,False
2026-02-24 12:00:00,2.8729833139978944,3.9856750000000005,1.941625,2.9834575000000005,-1.2691666666666668,True,False
2026-02-24 13:00:00,2.2454214799507906,2.8400333333333334,3.9856750000000005,3.0122674999999997,-1.2775,False,False
2026-02-24 14:00:00,2.8705048305000425,2.1185166666666664,2.8400333333333334,3.169215,-2.018333333333333,True,False
2026-02-24 15:00:00,3.402988314088535,3.7721833333333334,2.1185166666666664,3.2868000000000004,-2.983333333333334,True,False
2026-02-24 16:00:00,3.2639893348772144,3.4449249999999996,3.7721833333333334,3.5995225000000004,-4.024166666666667,True,False
2026-02-24 17:00:00,3.8738749161264803,5.3007583333333335,3.4449249999999996,3.7867875000000004,-5.425833333333333,True,False
2026-02-24 18:00:00,4.297270338539083,2.63465,5.3007583333333335,4.22547,-6.898333333333333,False,False
2026-02-24 19:00:00,4.324633598850128,3.505691666666667,2.63465,4.355115,-8.208333333333334,True,True
2026-02-24 20:00:00,4.547485494388563,4.842758333333333,3.505691666666667,4.626799999999999,-9.32,True,False
2026-02-24 21:00:00,4.8249959631502835,6.421408333333334,4.842758333333333,4.7911175,-10.2775,True,False
2026-02-24 22:00:00,4.2407071810855195,5.210483333333333,6.421408333333334,5.040525,-11.273333333333333,True,False
2026-02-24 23:00:00,5.033189869466121,5.7464,5.210483333333333,5.043875,-11.62,True,False
2026-02-25 00:00:00,5.113734543000871,6.648791666666667,5.7464,5.2654775,-12.612500000000002,True,False
2026-02-25 01:00:00,5.056687575879279,4.197241666666667,6.648791666666667,5.63649,-13.963333333333331,True,False
2026-02-25 02:00:00,5.583810389403223,5.755308333333334,4.197241666666667,5.6828875,-14.87416666666667,True,True
2026-02-25 03:00:00,5.885883799962436,5.269449999999999,5.755308333333334,5.783890000000001,-14.966666666666669,True,False
2026-02-25 04:00:00,5.91080428135094,6.010541666666665,5.269449999999999,5.969815,-15.98666666666667,True,False
2026-02-25 05:00:00,5.517779702471874,4.490191666666667,6.010541666666665,6.2131925,-16.9025,True,False
2026-02-25 06:00:00,5.771088440245558,6.516283333333333,4.490191666666667,5.8967849999999995,-15.958333333333334,True,True
2026-02-25 07:00:00,5.44224025046976,5.920108333333333,6.516283333333333,5.5004800000000005,-13.736666666666666,True,False
2026-02-25 08:00:00,5.288742152990423,6.51595,5.920108333333333,5.088597499999999,-11.7125,True,False
2026-02-25 09:00:00,5.170663023067386,5.692208333333333,6.51595,4.861635,-10.278333333333334,True,False
2026-02-25 10:00:00,4.589018729908426,4.952808333333333,5.692208333333333,4.7790575,-9.7775,True,False
2026-02-25 11:00:00,4.804084020517821,4.776291666666666,4.952808333333333,4.5557799999999995,-8.851666666666667,False,False
2026-02-25 12:00:00,4.3720736835860965,3.5064,4.776291666666666,4.2403775,-7.2075,True,False
2026-02-25 13:00:00,4.049032619566271,4.9651499999999995,3.5064,3.7825999999999995,-5.45,True,False
2026-02-25 14:00:00,4.372123640058807,3.254833333333333,4.9651499999999995,3.7646774999999995,-4.865833333333334,True,False
2026-02-25 15:00:00,3.718465327364572,3.578441666666667,3.254833333333333,3.7130875000000003,-4.889166666666667,True,False
2026-02-25 16:00:00,4.330408168557796,4.792283333333334,3.578441666666667,3.7377100000000003,-5.1066666666666665,True,False
2026-02-25 17:00:00,4.33392247585363,5.317475,4.792283333333334,3.859984999999999,-5.375,True,False
2026-02-25 18:00:00,3.62985878690694,2.4316416666666667,5.317475,3.8830999999999998,-5.435,True,False
2026-02-25 19:00:00,4.285402632722612,3.6580333333333335,2.4316416666666667,3.8407224999999996,-5.394166666666667,True,False
2026-02-25 20:00:00,3.8650356375096755,3.18295,3.6580333333333335,3.872045,-5.39,False,False
2026-02-25 21:00:00,4.380719659168225,3.2377749999999996,3.18295,3.8387125,-5.459166666666667,False,True
2026-02-25 22:00:00,3.7993737780575536,3.4046250000000007,3.2377749999999996,4.0980025,-6.589166666666667,False,False
2026-02-25 23:00:00,3.628937742667234,3.780925,3.4046250000000007,4.316087499999999,-7.714166666666667,True,False
2026-02-26 00:00:00,4.300709819058749,5.334725000000001,3.780925,4.3137425,-8.0975,True,True
2026-02-26 01:00:00,4.396636569301744,5.310733333333333,5.334725000000001,4.2799075,-7.774166666666667,True,False
2026-02-26 02:00:00,4.1576356701264405,3.7380416666666667,5.310733333333333,4.414745000000001,-8.075000000000001,True,False
2026-02-26 03:00:00,4.248353390829428,5.061224999999999,3.7380416666666667,4.141887499999999,-6.9975,True,False
2026-02-26 04:00:00,4.403052155472129,5.012250000000001,5.061224999999999,4.10219,-6.885000000000001,True,False
2026-02-26 05:00:00,4.362862466519052,4.267733333333333,5.012250000000001,4.1234625000000005,-6.670833333333333,True,False
2026-02-26 06:00:00,4.30073918384468,3.981333333333333,4.267733333333333,4.005375,-6.213333333333334,True,False
2026-02-26 07:00:00,4.293609077064559,4.928391666666666,3.981333333333333,3.7817625000000006,-5.240833333333334,True,False
2026-02-26 08:00:00,3.9949373834699475,3.312766666666667,4.928391666666666,3.0858000000000003,-1.7683333333333333,False,False
2026-02-26 09:00:00,2.990819367296057,3.1672999999999996,3.312766666666667,2.7370650000000003,0.2866666666666667,False,False
2026-02-26 10:00:00,2.978905602545577,2.177983333333333,3.1672999999999996,2.2638775000000004,2.2158333333333333,True,False
2026-02-26 11:00:00,1.6850504547550909,1.1765416666666666,2.177983333333333,2.193025,2.888333333333333,False,False
2026-02-26 12:00:00,0.954571305783412,1.8692999999999997,1.1765416666666666,2.28247,2.2733333333333334,False,False
2026-02-26 13:00:00,0.9106896255748808,0.9868999999999999,1.8692999999999997,2.3784474999999996,2.045833333333333,False,False
2026-02-26 14:00:00,1.6643628783976452,0.977125,0.9868999999999999,2.439585,1.6716666666666669,False,False
2026-02-26 15:00:00,2.325956344612379,2.3358749999999997,0.977125,2.6997124999999995,0.14749999999999996,False,False
2026-02-26 16:00:00,2.6919472024650735,1.9411333333333334,2.3358749999999997,2.9270099999999997,-0.8883333333333332,True,False
2026-02-26 17:00:00,3.353054383627594,3.4072250000000004,1.9411333333333334,3.199532500000001,-2.459166666666667,False,False
2026-02-26 18:00:00,2.641828169602922,3.204825,3.4072250000000004,3.5425725,-3.670833333333334,True,False
2026-02-26 19:00:00,3.3505080091169646,4.219333333333333,3.204825,3.7162699999999993,-4.859999999999999,False,False
2026-02-26 20:00:00,3.7632375745317552,3.335575,4.219333333333333,4.042224999999999,-6.171666666666667,True,False
2026-02-26 21:00:00,3.918196182179717,4.268416666666666,3.335575,4.367845,-8.191666666666666,True,False
2026-02-26 22:00:00,4.240930550749504,4.292341666666667,4.268416666666666,4.607035,-9.046666666666667,True,False
2026-02-26 23:00:00,4.034290991450725,4.778524999999999,4.292341666666667,4.31391,-7.913333333333334,True,True
2026-02-27 00:00:00,4.777284040141125,4.21885,4.778524999999999,4.6132325,-9.0925,False,False
2026-02-27 01:00:00,4.6980316510646585,4.8226,4.21885,4.7683375,-9.999166666666666,True,False
2026-02-27 02:00:00,3.834940569007937,3.6076499999999987,4.8226,4.9567749999999995,-10.726666666666667,True,False
2026-02-27 03:00:00,4.991227604894741,5.667741666666666,3.6076499999999987,4.9676625,-11.100833333333334,True,False
2026-02-27 04:00:00,5.0206310785271295,5.159916666666667,5.667741666666666,5.0561025,-11.295833333333334,True,False
2026-02-27 05:00:00,4.790097023789244,3.6805833333333333,5.159916666666667,5.2169025000000016,-11.980833333333335,True,False
2026-02-27 06:00:00,5.135034301061005,5.525183333333333,3.6805833333333333,5.238007500000001,-12.560833333333333,False,False
2026-02-27 07:00:00,4.815781910556596,5.8119,5.525183333333333,4.5589625,-8.9625,True,False
2026-02-27 08:00:00,3.647670615334466,4.691441666666666,5.8119,4.217095,-6.911666666666666,True,False
2026-02-27 09:00:00,3.8863556413880036,4.384633333333333,4.691441666666666,3.8956625,-5.7124999999999995,True,False
2026-02-27 10:00:00,3.3594649210820786,2.9359249999999997,4.384633333333333,3.645585,-4.093333333333333,False,False
2026-02-27 11:00:00,2.9660780084762974,0.0,2.9359249999999997,3.163185,-2.068333333333333,False,False
2026-02-27 12:00:00,2.410459415757177,3.5885583333333337,0.0,2.8064099999999996,-0.7083333333333334,False,False
2026-02-27 13:00:00,1.6798631266106092,1.6521,3.5885583333333337,2.787985,0.03333333333333335,False,False
2026-02-27 14:00:00,2.333396094129712,2.865791666666666,1.6521,2.6578375000000003,0.24583333333333332,False,False
2026-02-27 15:00:00,2.902072955399986,2.048775,2.865791666666666,2.9114325,-0.9958333333333335,False,False
2026-02-27 16:00:00,3.438413307381346,3.5343999999999993,2.048775,3.0109274999999998,-1.5008333333333335,False,False
2026-02-27 17:00:00,3.3476928699409108,3.0999583333333334,3.5343999999999993,3.437215,-3.361666666666667,True,False
2026-02-27 18:00:00,3.4674640049343317,2.5615666666666668,3.0999583333333334,3.7062199999999996,-4.495,True,False
2026-02-27 19:00:00,3.9464268277932093,3.5664000000000002,2.5615666666666668,3.783269999999999,-5.088333333333333,True,False
2026-02-27 20:00:00,3.9868813717991776,3.8456,3.5664000000000002,4.0353575,-6.3374999999999995,True,True
2026-02-27 21:00:00,3.7640961326215727,2.1897583333333333,3.8456,4.1608149999999995,-6.466666666666666,False,False
2026-02-27 22:00:00,3.932662014708688,4.379991666666666,2.1897583333333333,4.1770625,-7.1475,False,False
2026-02-27 23:00:00,4.327840354072878,5.055091666666667,4.379991666666666,4.6696800000000005,-9.398333333333333,True,False
2026-02-28 00:00:00,4.1902796967631915,4.5541833333333335,5.055091666666667,4.9880974999999985,-10.7275,True,False
2026-02-28 01:00:00,4.756438604574856,5.506433333333334,4.5541833333333335,5.1777074999999995,-12.065833333333332,False,False
2026-02-28 02:00:00,4.75117760480854,4.778025,5.506433333333334,5.413882499999998,-12.790833333333333,True,False
2026-02-28 03:00:00,5.076060875914174,4.580175,4.778025,5.2557624999999994,-12.379166666666668,True,True
2026-02-28 04:00:00,5.20577861526845,5.952741666666666,4.580175,4.833495,-10.113333333333335,True,False
2026-02-28 05:00:00,4.750041891774533,4.217466666666667,5.952741666666666,4.4701875,-7.950833333333333,True,False
2026-02-28 06:00:00,4.852714366453043,4.389725,4.217466666666667,3.7648449999999993,-4.781666666666667,True,False
2026-02-28 07:00:00,4.406629706898562,2.8761999999999994,4.389725,3.4866275000000004,-3.2074999999999996,True,False
2026-02-28 08:00:00,4.451705669282342,4.115591666666667,2.8761999999999994,3.0936724999999994,-1.8274999999999997,True,True
2026-02-28 09:00:00,4.000767506842298,4.199,4.115591666666667,2.6047399999999996,0.7599999999999999,True,False
2026-02-28 10:00:00,2.9667343331312224,2.4841333333333333,4.199,2.1248525,3.4775000000000005,True,False
2026-02-28 11:00:00,2.953738538579425,2.8792750000000003,2.4841333333333333,1.5824875,5.915833333333333,True,False
2026-02-28 12:00:00,1.7746995946021928,2.0279499999999997,2.8792750000000003,1.38333,6.891666666666667,True,False
2026-02-28 13:00:00,0.9775986721686463,1.2086916666666665,2.0279499999999997,1.1902024999999994,8.0975,True,False
2026-02-28 14:00:00,2.317395554270692,1.991891666666667,1.2086916666666665,1.7550124999999999,5.2175,False,False
2026-02-28 15:00:00,2.900672988751186,2.6843833333333333,1.991891666666667,1.9186599999999991,4.1433333333333335,True,True
2026-02-28 16:00:00,2.285292351450636,1.5137749999999999,2.6843833333333333,1.86305,4.81,True,False
2026-02-28 17:00:00,2.8846776665397624,3.1403083333333335,1.5137749999999999,1.9751075,3.9825000000000004,True,False
2026-02-28 18:00:00,2.80427459021627,1.8793666666666666,3.1403083333333335,2.41245,1.9016666666666664,False,False
2026-02-28 19:00:00,2.9115323776945607,1.7759083333333334,1.8793666666666666,2.55181,1.2583333333333333,True,False
2026-02-28 20:00:00,2.961044681193328,2.486791666666666,1.7759083333333334,2.5405875,1.1391666666666667,False,False
2026-02-28 21:00:00,2.6577771601335574,1.719258333333333,2.486791666666666,2.7389075,0.5425,False,False
2026-02-28 22:00:00,2.8712857793596407,4.235625,1.719258333333333,2.8477824999999997,-0.3441666666666667,True,False
2026-02-28 23:00:00,2.8426813058686866,2.8886249999999998,4.235625,3.0414125,-1.0825,True,False
