model,window_days,n,mae_kwh,rmse_kwh,bias_kwh,mape_pct,r
linear,10,2384,0.6784593286823485,0.9042503458280285,0.0215405909582213,19.690298713295785,0.855905321035533
linear,20,2384,0.6716577576980937,0.8901056664823275,0.008358240171969795,19.47641107491177,0.8601194192416192
linear,40,2384,0.6765604012247157,0.9018344624669182,0.0045544730752161665,19.562881177760964,0.8559152355649603
linear,80,2384,0.682269531510006,0.9039082494860056,0.01435287959791173,19.771033220625537,0.8550298558114787
alpha/beta/gamma,10,2384,0.8578706916048315,1.1691023353427163,-0.03807828705457516,24.40437760509698,0.7428671208739418
alpha/beta/gamma,20,2384,0.8335290763841273,1.1366783857936282,-0.028404091459116272,23.734686066924475,0.7583029400876408
alpha/beta/gamma,40,2384,0.8278364023226684,1.122920964671322,-0.06649691942251393,23.490798961077942,0.765716282899141
alpha/beta/gamma,80,2384,0.8265816023666247,1.121150541120404,-0.09430347978291988,23.247906511486356,0.7677153060407221
4R3C,60,1923,0.8901935193550239,1.4758049948940404,-0.02859831450972681,21.337703729892308,0.5568340750082673
