,B0,B1,B2,B3,B4,B5,B6,B7,std_error_B0,std_error_B1,std_error_B2,std_error_B3,std_error_B4,std_error_B5,std_error_B6,std_error_B7,r_squared,energy_ratio
2025-11-26,5.025913,0.051798,0.001087,-0.003655,-0.082687,-0.062165,0.584407,0.303507,2.295528,0.04264,0.001018,0.002201,0.099503,0.042105,0.14002,0.074861,0.225,1.556036
2025-11-27,5.685593,0.04958,0.000837,-0.00408,-0.035642,-0.082648,0.559145,0.300724,2.363097,0.043995,0.001046,0.002276,0.100663,0.043123,0.144362,0.08027,0.218,1.601379
2025-11-28,5.594382,0.053025,0.001029,-0.004115,-0.072021,-0.080509,0.563728,0.341123,2.370824,0.044127,0.001049,0.002361,0.098737,0.043257,0.147464,0.086409,0.206,1.5972
2025-11-29,5.376421,0.065074,0.001111,-0.003793,-0.089944,-0.080577,0.607206,0.385632,2.480605,0.046705,0.001043,0.002447,0.096922,0.04475,0.151155,0.089799,0.2,1.59118
2025-11-30,5.540548,0.080086,0.000773,-0.003388,-0.106054,-0.091036,0.626116,0.484546,2.49069,0.047695,0.001061,0.002651,0.095051,0.044641,0.148454,0.102736,0.193,1.600116
2025-12-01,5.827112,0.087115,0.000326,-0.003933,-0.130852,-0.098656,0.625292,0.502249,2.522344,0.047109,0.001084,0.002793,0.09839,0.045671,0.154873,0.105194,0.208,1.626574
2025-12-02,6.032075,0.09011,0.000216,-0.004257,-0.105079,-0.108731,0.600822,0.479744,2.497276,0.046756,0.00103,0.002793,0.098757,0.044388,0.153519,0.103906,0.258,1.62024
2025-12-04,6.076605,0.103976,0.000676,-0.004481,-0.148431,-0.120674,0.634352,0.532512,2.420662,0.045046,0.000872,0.002873,0.098656,0.044476,0.157517,0.105854,0.293,1.622197
2025-12-05,5.432543,0.109512,0.000905,-0.005913,-0.196929,-0.105672,0.615632,0.471892,2.360483,0.043359,0.000819,0.002571,0.09466,0.043096,0.153478,0.102558,0.377,1.57558
2025-12-06,6.257436,0.099729,0.001297,-0.006757,-0.294444,-0.122956,0.620813,0.446559,2.289389,0.042116,0.000764,0.002564,0.092844,0.041914,0.148723,0.110305,0.409,1.527606
2025-12-07,7.231108,0.082049,0.001473,-0.008032,-0.281911,-0.141625,0.593341,0.452129,2.408772,0.04385,0.000803,0.002825,0.093851,0.044364,0.151669,0.116021,0.403,1.536027
2025-12-08,7.801416,0.072542,0.001263,-0.009323,-0.261566,-0.150385,0.590378,0.47633,2.4885,0.045137,0.00081,0.002789,0.092556,0.046132,0.156765,0.12072,0.424,1.555029
2025-12-09,8.005945,0.070266,0.001243,-0.009911,-0.26539,-0.156073,0.574236,0.45102,2.45699,0.044657,0.000808,0.002795,0.092585,0.045373,0.157081,0.121743,0.449,1.560483
2025-12-10,8.547961,0.055729,0.001456,-0.010571,-0.263919,-0.166717,0.490934,0.448771,2.411133,0.044146,0.000792,0.002809,0.090929,0.044608,0.171772,0.12577,0.446,1.531688
2025-12-11,8.506778,0.053385,0.001164,-0.010217,-0.245391,-0.166598,0.359252,0.476905,2.375248,0.043482,0.000757,0.002777,0.0913,0.04392,0.189391,0.124005,0.449,1.51452
2025-12-12,6.553083,0.089728,-1e-05,-0.00816,-0.228431,-0.129426,0.366496,0.492788,2.332719,0.043074,0.000662,0.002751,0.090448,0.042702,0.192837,0.126699,0.432,1.508335
2025-12-13,6.785354,0.085097,9e-05,-0.009204,-0.240901,-0.133547,0.358524,0.524828,2.284282,0.041816,0.000655,0.002827,0.08857,0.041916,0.191216,0.128318,0.426,1.492916
2025-12-14,7.066187,0.082624,5.1e-05,-0.010326,-0.240256,-0.139319,0.321172,0.492794,2.220332,0.040559,0.000637,0.002765,0.087184,0.040806,0.184149,0.127272,0.439,1.502299
2025-12-15,7.761899,0.074354,0.000165,-0.010586,-0.254067,-0.152379,0.328951,0.485859,2.254175,0.041183,0.000611,0.002686,0.086924,0.041372,0.265401,0.128032,0.43,1.529553
2025-12-16,8.765426,0.06782,0.000236,-0.010651,-0.371583,-0.177285,0.279593,0.434397,1.768908,0.032361,0.000483,0.0021,0.068752,0.032465,0.211034,0.101687,0.547,1.513025
2025-12-17,8.738203,0.066026,0.000164,-0.010303,-0.370572,-0.172974,0.292585,0.444774,1.736478,0.031779,0.000479,0.002072,0.068356,0.03195,0.184752,0.100601,0.513,1.50784
2025-12-18,7.951091,0.06985,0.000224,-0.01004,-0.348647,-0.148256,0.420027,0.527733,1.680543,0.03055,0.000468,0.002099,0.066171,0.031582,0.168372,0.096676,0.471,1.474331
2025-12-19,7.896366,0.065573,0.000174,-0.009784,-0.321506,-0.143849,0.406601,0.522169,1.561838,0.028077,0.00046,0.002019,0.066439,0.02963,0.154862,0.09502,0.514,1.466866
2025-12-20,7.806334,0.070236,0.000195,-0.010203,-0.348068,-0.141968,0.418076,0.504404,1.542566,0.02772,0.000442,0.002029,0.066157,0.029181,0.161927,0.094625,0.507,1.466936
2025-12-21,7.827708,0.069725,0.000269,-0.010467,-0.362087,-0.143933,0.389018,0.47355,1.53297,0.027527,0.000436,0.001967,0.066378,0.028907,0.152563,0.094499,0.517,1.45476
2025-12-22,7.769354,0.071742,0.000275,-0.010426,-0.367374,-0.144823,0.385758,0.451743,1.598016,0.028682,0.000446,0.002014,0.067268,0.030535,0.155491,0.097398,0.513,1.452954
2025-12-23,7.288241,0.080589,0.000188,-0.009414,-0.368889,-0.139219,0.279675,0.452696,1.646628,0.029521,0.000455,0.002051,0.066663,0.031471,0.159355,0.099971,0.503,1.441366
2025-12-24,7.694041,0.074741,-0.000192,-0.009953,-0.351515,-0.144916,0.3013,0.490566,1.733903,0.030809,0.000467,0.002094,0.066738,0.032765,0.157277,0.100575,0.504,1.442457
2025-12-25,7.420778,0.079847,-0.000149,-0.009814,-0.358794,-0.137356,0.311478,0.529128,1.630693,0.029098,0.000457,0.002205,0.067128,0.03095,0.160481,0.102491,0.494,1.446996
2025-12-26,6.059507,0.101639,-5.1e-05,-0.009476,-0.329471,-0.11859,0.314755,0.364592,1.63876,0.028932,0.000456,0.002193,0.067476,0.031324,0.161596,0.082353,0.508,1.440567
2025-12-27,5.573089,0.112162,-0.000309,-0.008539,-0.320047,-0.112393,0.2897,0.346487,1.537152,0.027206,0.00044,0.002115,0.066183,0.029098,0.142568,0.080199,0.554,1.432403
2025-12-28,5.126284,0.118094,-0.000191,-0.007499,-0.328023,-0.106547,0.295164,0.344604,1.481035,0.026331,0.000423,0.002099,0.065312,0.027729,0.13072,0.077742,0.569,1.414213
2025-12-29,4.816011,0.119992,-0.000213,-0.007426,-0.318852,-0.099405,0.307957,0.343826,1.399984,0.024876,0.000413,0.002082,0.064244,0.026516,0.119029,0.0759,0.568,1.393055
2025-12-30,5.006677,0.115827,-0.000397,-0.00775,-0.306134,-0.100641,0.306438,0.344055,1.374237,0.024364,0.000405,0.002038,0.064519,0.025926,0.119276,0.076625,0.567,1.397604
2025-12-31,5.046713,0.113848,-0.000231,-0.007897,-0.314957,-0.102681,0.305467,0.326911,1.355978,0.024,0.000393,0.001976,0.062819,0.02543,0.115964,0.075246,0.583,1.378002
2026-01-01,5.51943,0.109273,0.000417,-0.009237,-0.341099,-0.117267,0.300145,0.304054,1.327234,0.023577,0.000423,0.001985,0.063106,0.025216,0.108406,0.076122,0.607,1.387203
2026-01-02,4.99696,0.111646,0.000286,-0.008728,-0.301983,-0.106248,0.336104,0.299323,1.287952,0.023073,0.000379,0.001918,0.062062,0.024372,0.103914,0.07523,0.629,1.358338
2026-01-03,4.215992,0.120312,7.6e-05,-0.007618,-0.268212,-0.092268,0.362264,0.308432,1.264216,0.022742,0.000371,0.001887,0.060853,0.023933,0.104084,0.074322,0.649,1.325575
2026-01-04,3.950102,0.121705,3.1e-05,-0.007374,-0.255409,-0.087018,0.378235,0.307243,1.215805,0.02183,0.000368,0.001947,0.059681,0.023017,0.097386,0.074474,0.674,1.304255
2026-01-05,3.639501,0.127174,2.9e-05,-0.007816,-0.250474,-0.080628,0.377275,0.284989,1.232024,0.022146,0.000374,0.002083,0.060307,0.023342,0.099922,0.076619,0.677,1.308186
2026-01-06,3.73655,0.124626,4.6e-05,-0.008404,-0.254445,-0.081773,0.367094,0.295676,1.249033,0.022449,0.000367,0.002091,0.059198,0.023552,0.105019,0.077224,0.664,1.293662
2026-01-07,3.960959,0.12562,9e-06,-0.007924,-0.28225,-0.08481,0.346972,0.248986,1.251486,0.022583,0.000365,0.002151,0.059637,0.023722,0.107756,0.080062,0.654,1.30649
2026-01-08,3.601893,0.137293,0.0001,-0.007651,-0.307528,-0.087241,0.353352,0.261633,1.317397,0.023927,0.000364,0.002189,0.059532,0.024648,0.113142,0.08192,0.619,1.315561
2026-01-09,4.260211,0.123983,0.000185,-0.008518,-0.305832,-0.099346,0.291906,0.276121,1.291425,0.023337,0.000375,0.002187,0.059608,0.024735,0.098983,0.08398,0.635,1.310342
2026-01-10,4.250114,0.123854,0.000266,-0.008259,-0.297181,-0.097864,0.306544,0.321111,1.253403,0.022754,0.000373,0.002077,0.059432,0.023358,0.103312,0.08283,0.653,1.324483
2026-01-11,4.419401,0.119933,0.000324,-0.008367,-0.312635,-0.104239,0.282197,0.310614,1.23172,0.022342,0.000368,0.002038,0.057397,0.022988,0.101608,0.081355,0.659,1.303335
2026-01-12,4.368042,0.121492,0.000568,-0.008946,-0.302122,-0.102522,0.344363,0.329729,1.203958,0.022002,0.000364,0.001927,0.058465,0.022426,0.102617,0.080722,0.673,1.329745
2026-01-13,4.55556,0.120276,0.000656,-0.008844,-0.329135,-0.10773,0.321948,0.315845,1.202136,0.022037,0.000368,0.001905,0.058168,0.022425,0.10386,0.08009,0.688,1.328486
2026-01-14,4.407894,0.124061,0.000457,-0.008135,-0.308078,-0.100831,0.34982,0.329219,1.279123,0.023363,0.000391,0.001925,0.059691,0.023695,0.10598,0.080345,0.7,1.356194
2026-01-15,4.606688,0.116969,0.000271,-0.007454,-0.270669,-0.099828,0.366603,0.489276,1.2785,0.023407,0.000399,0.001964,0.059816,0.023604,0.103659,0.102644,0.714,1.361465
2026-01-16,3.339366,0.130796,0.000693,-0.006944,-0.221772,-0.074428,0.418755,0.526699,1.293792,0.024068,0.0004,0.001975,0.059762,0.023828,0.11297,0.103324,0.696,1.346344
2026-01-17,3.673382,0.120193,0.000305,-0.007347,-0.153182,-0.078033,0.445943,0.583606,1.325867,0.024579,0.000406,0.002093,0.059876,0.02448,0.120802,0.106182,0.691,1.338584
2026-01-18,4.255945,0.108607,0.000107,-0.007601,-0.115983,-0.086253,0.456807,0.639221,1.393699,0.025651,0.000415,0.002187,0.059891,0.025557,0.13598,0.110071,0.678,1.34814
2026-01-19,3.78813,0.118477,0.000457,-0.007236,-0.128387,-0.079322,0.505823,0.693447,1.424044,0.026259,0.000428,0.002158,0.059349,0.026156,0.122322,0.107681,0.683,1.350671
2026-01-20,3.998073,0.112415,0.000168,-0.006947,-0.108723,-0.082449,0.551739,0.73948,1.435871,0.026374,0.00043,0.00216,0.058837,0.026454,0.118989,0.106489,0.674,1.346009
2026-01-21,4.580188,0.101876,0.000218,-0.007223,-0.094671,-0.093564,0.572176,0.743608,1.47567,0.026963,0.000455,0.002047,0.058993,0.027159,0.127498,0.106045,0.679,1.354966
2026-01-22,5.74178,0.085464,0.000825,-0.008707,-0.114553,-0.116644,0.536232,0.724378,1.489026,0.027106,0.000563,0.002013,0.05998,0.027502,0.132977,0.10498,0.666,1.377312
2026-01-23,6.836115,0.067385,0.000787,-0.009372,-0.114423,-0.135824,0.519958,0.702208,1.510779,0.027465,0.000578,0.001979,0.061122,0.028053,0.134182,0.105547,0.64,1.40185
2026-01-24,6.73847,0.066314,0.000552,-0.008989,-0.094945,-0.135361,0.446102,0.696197,1.551363,0.028297,0.000502,0.00186,0.060592,0.028716,0.140129,0.10434,0.657,1.381845
2026-01-25,7.290318,0.061016,5.4e-05,-0.00808,-0.087285,-0.151987,0.450601,0.693947,1.574489,0.028639,0.000489,0.001771,0.059836,0.029155,0.125144,0.102779,0.702,1.361812
2026-01-26,7.164053,0.062628,-0.000137,-0.007993,-0.073157,-0.150047,0.448343,0.654042,1.530638,0.028005,0.000499,0.001722,0.059942,0.02827,0.119961,0.104315,0.716,1.357633
2026-01-27,7.956395,0.045163,7.6e-05,-0.009135,-0.061772,-0.161881,0.452736,0.643863,1.555643,0.027927,0.000489,0.001694,0.059961,0.028727,0.120241,0.105828,0.717,1.359817
2026-01-28,7.450123,0.046706,0.000201,-0.008891,-0.031207,-0.14939,0.460465,0.646625,1.542174,0.027473,0.000474,0.00158,0.059861,0.02863,0.119856,0.10808,0.714,1.353379
2026-01-29,7.014371,0.053696,-0.000107,-0.008693,-0.016451,-0.140324,0.622557,0.621158,1.604378,0.02861,0.000461,0.001513,0.06015,0.029457,0.150759,0.110236,0.711,1.355211
2026-01-30,6.726165,0.052509,7.7e-05,-0.008566,0.004471,-0.137431,0.587427,0.566004,1.614245,0.028967,0.000445,0.001484,0.059139,0.029819,0.153298,0.116118,0.7,1.320759
2026-01-31,6.30463,0.055382,2.9e-05,-0.008452,0.04228,-0.125533,0.593477,0.591804,1.517338,0.027124,0.00042,0.001382,0.05843,0.02796,0.147695,0.113602,0.711,1.316786
2026-02-01,6.538248,0.051676,-9.2e-05,-0.008739,0.03605,-0.129178,0.577758,0.559664,1.45271,0.025682,0.000408,0.001361,0.057992,0.02681,0.136033,0.115593,0.713,1.303603
2026-02-02,7.783148,0.030266,2e-05,-0.009596,0.021897,-0.147622,0.580731,0.654589,1.453663,0.025458,0.0004,0.001334,0.056715,0.026683,0.135696,0.113031,0.702,1.30422
2026-02-03,8.111342,0.014775,0.000454,-0.010038,0.041626,-0.152947,0.558144,0.738356,1.390954,0.024282,0.000377,0.001294,0.054451,0.025368,0.134066,0.112376,0.678,1.277457
2026-02-04,8.222844,0.012987,0.000565,-0.009927,0.039306,-0.15653,0.550661,0.841368,1.371767,0.02409,0.000367,0.001288,0.054346,0.024737,0.134045,0.120085,0.648,1.285425
2026-02-05,9.480109,0.002001,0.000339,-0.010766,-0.038481,-0.187774,0.537003,0.763403,1.37846,0.02388,0.000388,0.001271,0.054999,0.025298,0.137703,0.118642,0.641,1.28845
2026-02-06,8.557977,0.018118,0.000442,-0.010267,-0.051672,-0.174147,0.542231,0.705803,1.376618,0.023932,0.000372,0.001261,0.054932,0.02515,0.137418,0.118863,0.642,1.278485
2026-02-07,8.034151,0.031698,0.000473,-0.009621,-0.076224,-0.173979,0.520257,0.681535,1.377572,0.024229,0.000362,0.001232,0.055372,0.024907,0.135593,0.118048,0.655,1.281626
2026-02-08,7.252052,0.038891,0.00074,-0.009037,-0.041945,-0.155938,0.597293,0.624155,1.375707,0.024184,0.000343,0.001207,0.055446,0.024596,0.165333,0.122943,0.632,1.276878
2026-02-09,7.100356,0.042112,0.000929,-0.009027,-0.043707,-0.153384,0.475931,0.558078,1.35674,0.023922,0.000342,0.00117,0.055909,0.024279,0.18275,0.126624,0.636,1.281597
2026-02-10,6.916511,0.047154,0.000889,-0.008776,-0.06756,-0.149435,0.47231,0.552066,1.364015,0.024068,0.000334,0.001165,0.055463,0.024239,0.17838,0.115353,0.651,1.273612
2026-02-11,6.291167,0.062059,0.000865,-0.008262,-0.090493,-0.143933,0.443199,0.564183,1.353306,0.023871,0.000334,0.001175,0.055624,0.024484,0.177966,0.118181,0.657,1.276631
2026-02-12,6.143407,0.068188,0.001006,-0.00849,-0.124241,-0.142881,0.468963,0.50031,1.353601,0.023938,0.000331,0.001173,0.055276,0.024494,0.177414,0.11374,0.681,1.270899
2026-02-13,6.200231,0.074547,0.001441,-0.008671,-0.174577,-0.149496,0.542763,0.465747,1.330231,0.023684,0.000357,0.001132,0.055566,0.023768,0.190009,0.109057,0.682,1.285669
2026-02-14,6.271765,0.075648,0.001686,-0.009001,-0.210502,-0.145831,0.540252,0.480327,1.33375,0.023729,0.000359,0.001119,0.055651,0.023756,0.254989,0.103205,0.659,1.297682
2026-02-15,5.892114,0.085084,0.001664,-0.008681,-0.22497,-0.138539,0.579155,0.507373,1.321577,0.023469,0.000359,0.00108,0.056227,0.023702,0.287585,0.101457,0.662,1.308259
2026-02-16,5.713668,0.090573,0.001456,-0.008494,-0.231296,-0.134818,0.541655,0.485829,1.293012,0.023078,0.000349,0.001049,0.056181,0.023161,0.281837,0.094066,0.679,1.307414
2026-02-17,6.284796,0.085578,0.001391,-0.00892,-0.247119,-0.146777,0.58015,0.476681,1.28118,0.022807,0.000346,0.001041,0.056523,0.023108,0.277525,0.091297,0.696,1.31552
2026-02-18,6.142558,0.095013,0.001617,-0.008642,-0.273777,-0.15344,0.605207,0.471413,1.244381,0.022326,0.000357,0.000986,0.05721,0.022255,0.277485,0.08949,0.716,1.326288
2026-02-19,6.556744,0.090375,0.001521,-0.008857,-0.283119,-0.158316,0.729254,0.457364,1.242205,0.022253,0.000387,0.000988,0.058267,0.022076,0.280839,0.087496,0.705,1.346925
2026-02-20,7.233828,0.080164,0.001583,-0.009235,-0.295618,-0.167904,0.730922,0.444551,1.272146,0.022715,0.000393,0.00101,0.059139,0.022647,0.284144,0.08623,0.685,1.368579
2026-02-21,6.831839,0.083002,0.00155,-0.008584,-0.284087,-0.154305,0.859207,0.485019,1.275534,0.022868,0.000421,0.000978,0.058931,0.023144,0.439108,0.086013,0.663,1.361428
2026-02-22,6.461739,0.085035,0.001508,-0.008253,-0.231287,-0.151575,0.59634,0.341861,1.278422,0.022757,0.00043,0.000969,0.060897,0.023302,0.392744,0.082866,0.66,1.369723
2026-02-23,7.197434,0.072773,0.00169,-0.008745,-0.223003,-0.162717,0.741887,0.297865,1.28197,0.022531,0.000378,0.000948,0.061188,0.02321,0.394893,0.083411,0.664,1.374522
2026-02-24,6.896514,0.074876,0.001709,-0.008288,-0.21599,-0.154852,0.85644,0.306041,1.269462,0.022205,0.00037,0.000904,0.060513,0.022957,0.412021,0.082109,0.66,1.354111
2026-02-25,7.582988,0.062783,0.001394,-0.008517,-0.191627,-0.159122,1.274548,0.299698,1.184806,0.020482,0.000352,0.000863,0.06028,0.021444,0.409989,0.080228,0.686,1.349243
2026-02-26,7.731942,0.057732,0.001694,-0.008296,-0.187465,-0.170856,0.624517,0.339532,1.178934,0.020367,0.000368,0.000807,0.061069,0.021054,0.404742,0.078347,0.674,1.372173
2026-02-27,6.743408,0.066945,0.002264,-0.008078,-0.205239,-0.155331,-0.131975,0.340682,1.17727,0.020317,0.000356,0.000782,0.061215,0.020899,0.37605,0.076525,0.669,1.383138
2026-02-28,8.095592,0.040858,0.001925,-0.008548,-0.192888,-0.162417,0.537621,0.330235,1.121138,0.019177,0.000372,0.000758,0.060661,0.020236,0.256784,0.075671,0.663,1.38133
2026-03-01,7.403955,0.05453,0.001981,-0.007974,-0.199419,-0.151131,0.562081,0.342234,1.050024,0.017957,0.000399,0.000699,0.061502,0.01918,0.251788,0.074868,0.642,1.390241
2026-03-02,6.595408,0.066924,0.002028,-0.007384,-0.143071,-0.141819,0.616215,0.279689,1.042658,0.017599,0.000394,0.000678,0.062677,0.019391,0.247729,0.078636,0.667,1.394665
2026-03-03,6.817879,0.059523,0.001962,-0.007326,-0.060634,-0.147236,0.718397,0.234284,1.080613,0.018203,0.000407,0.000703,0.063882,0.019859,0.244477,0.079359,0.688,1.417971
2026-03-04,6.28123,0.06028,0.001991,-0.006731,-0.011069,-0.131688,0.75989,0.192822,1.079246,0.018229,0.000422,0.000685,0.064016,0.019614,0.235059,0.073773,0.705,1.415695
2026-03-05,6.556914,0.053737,0.002081,-0.006813,0.013997,-0.138293,0.638881,0.179881,1.086404,0.018258,0.000431,0.000696,0.064892,0.019698,0.229008,0.075304,0.705,1.432382
2026-03-06,6.210733,0.056709,0.00213,-0.006514,0.033678,-0.135264,0.497567,0.137486,1.049178,0.017612,0.000421,0.00068,0.06469,0.019322,0.219351,0.075982,0.711,1.425472
2026-03-07,6.457589,0.05176,0.00219,-0.006462,0.035376,-0.140487,0.418314,0.16566,1.025892,0.01702,0.000423,0.000668,0.064619,0.019257,0.215078,0.074619,0.715,1.428435
2026-03-08,5.84479,0.052213,0.002165,-0.005784,0.112461,-0.126192,0.377997,0.015196,1.055736,0.017615,0.000449,0.000675,0.065777,0.019687,0.222354,0.056622,0.72,1.440328
2026-03-09,5.734917,0.047462,0.002005,-0.005626,0.149504,-0.120183,0.254997,0.020518,1.066594,0.017567,0.000461,0.000688,0.066368,0.019992,0.201824,0.057397,0.733,1.437571
2026-03-10,5.14742,0.049173,0.001808,-0.004914,0.204271,-0.103891,0.180682,-0.020108,1.047269,0.017375,0.000456,0.000663,0.066263,0.019368,0.171487,0.039943,0.755,1.439246
2026-03-11,5.668203,0.040179,0.001492,-0.004789,0.2427,-0.115981,0.052029,-0.019215,1.082648,0.017851,0.000469,0.000674,0.066998,0.020189,0.171671,0.040884,0.756,1.461436
2026-03-12,5.801953,0.036841,0.001423,-0.004758,0.265488,-0.116059,0.061125,-0.008758,1.096027,0.017995,0.000482,0.000675,0.067637,0.020385,0.173926,0.041211,0.754,1.47794
2026-03-13,5.874898,0.034539,0.001526,-0.004833,0.289175,-0.118478,0.097532,-0.015946,1.094206,0.017906,0.000479,0.000661,0.068197,0.020463,0.170385,0.04097,0.758,1.497893
2026-03-14,5.074651,0.047289,0.001395,-0.004317,0.281856,-0.10474,0.075203,-0.010206,1.096616,0.018097,0.000489,0.000659,0.068628,0.02058,0.175538,0.041311,0.751,1.474978
2026-03-15,4.873438,0.059411,0.00084,-0.004239,0.261987,-0.10186,0.106673,-0.009711,1.117945,0.018806,0.000643,0.000649,0.06931,0.021005,0.183754,0.042099,0.74,1.505094
2026-03-16,5.365531,0.056725,0.000369,-0.004464,0.258313,-0.109051,0.159803,-0.016522,1.133261,0.018869,0.000741,0.000664,0.070944,0.021488,0.193465,0.043756,0.737,1.544273
2026-03-17,4.643174,0.071241,0.000638,-0.004178,0.249914,-0.094814,0.282911,-0.013869,1.10447,0.018959,0.000747,0.000634,0.072846,0.020999,0.201473,0.04405,0.73,1.586287
2026-03-18,4.364638,0.076692,0.001125,-0.004026,0.194218,-0.090785,0.314702,-0.013289,1.077412,0.018683,0.000685,0.000613,0.071724,0.020521,0.202849,0.043874,0.731,1.551556
2026-03-19,5.001924,0.076307,0.00067,-0.003903,0.160051,-0.104101,0.29284,-0.017431,1.108607,0.019134,0.000699,0.000614,0.072683,0.021149,0.20658,0.044611,0.728,1.567504
2026-03-20,4.834795,0.077516,0.000872,-0.003729,0.162958,-0.100525,-0.005064,0.03858,1.119956,0.019896,0.000721,0.000593,0.073553,0.020957,0.214224,0.010214,0.725,1.584374
2026-03-21,4.710539,0.082232,0.000663,-0.003614,0.147134,-0.098089,0.002051,0.040623,1.15864,0.020714,0.000742,0.000622,0.073719,0.021553,0.217956,0.010648,0.708,1.583828
2026-03-22,5.253713,0.071967,0.000575,-0.003707,0.123949,-0.1053,0.03591,0.035566,1.149758,0.020575,0.000749,0.000622,0.073958,0.021439,0.214906,0.010556,0.653,1.59873
2026-03-23,5.10098,0.074847,0.000805,-0.003671,0.040998,-0.099183,0.148182,0.037428,1.164856,0.020933,0.000742,0.000606,0.074582,0.021856,0.213066,0.010683,0.605,1.595255
2026-03-24,4.474748,0.082857,0.000899,-0.003635,0.081097,-0.086246,0.208013,0.041532,1.162895,0.020893,0.000731,0.000607,0.075836,0.021841,0.215426,0.010694,0.607,1.62344
2026-03-25,4.275095,0.089377,0.000582,-0.00375,0.070923,-0.081911,0.23131,0.044402,1.197824,0.021634,0.00072,0.000595,0.07585,0.02251,0.219375,0.011058,0.592,1.624165
2026-03-26,4.290484,0.088457,0.000558,-0.003825,0.06677,-0.081096,0.264936,0.044006,1.177645,0.021114,0.000741,0.00058,0.075304,0.022209,0.218572,0.010828,0.583,1.615771
2026-03-27,4.064158,0.094432,0.000405,-0.003681,0.088494,-0.0771,0.2799,0.046694,1.184456,0.021441,0.000768,0.000551,0.077119,0.022417,0.223981,0.010883,0.582,1.651142
2026-03-28,3.464046,0.105095,0.000519,-0.003813,0.031044,-0.065039,0.339696,0.051955,1.14219,0.020489,0.000702,0.000525,0.073866,0.021822,0.217354,0.010438,0.589,1.604161
2026-03-29,3.606004,0.104109,0.000462,-0.003653,0.039629,-0.069629,0.330063,0.051304,1.152456,0.020607,0.000684,0.000514,0.072958,0.021914,0.238163,0.010496,0.583,1.601472
2026-03-30,3.590323,0.110207,0.000815,-0.003857,0.003622,-0.074589,0.781517,0.054918,1.130294,0.020084,0.000679,0.000514,0.072267,0.021748,0.36443,0.010255,0.576,1.587848
2026-03-31,3.25557,0.120202,0.001158,-0.003977,-0.063427,-0.067088,0.724745,0.060243,1.088177,0.019423,0.000648,0.000499,0.071321,0.020779,0.392587,0.00991,0.591,1.569948
2026-04-01,3.190927,0.125205,0.000989,-0.003905,-0.094354,-0.067832,0.693902,0.062235,1.085297,0.019398,0.000644,0.000493,0.070752,0.020682,0.389023,0.009899,0.598,1.561535
2026-04-02,3.589475,0.122168,0.000919,-0.003841,-0.118161,-0.075855,0.478732,0.060532,1.103873,0.019512,0.000663,0.000497,0.071262,0.021022,0.469461,0.009971,0.588,1.571759
2026-04-03,4.073593,0.12308,0.000792,-0.004001,-0.162171,-0.085598,0.467757,0.060712,1.123961,0.019855,0.000661,0.000501,0.071443,0.02142,0.477801,0.010164,0.59,1.606456
2026-04-04,3.401083,0.130403,0.000412,-0.003155,-0.138907,-0.071005,0.6397,0.064094,1.08087,0.019441,0.000662,0.000469,0.072579,0.020565,0.315082,0.009942,0.588,1.599707
2026-04-05,2.758004,0.144377,0.000296,-0.002921,-0.161504,-0.061777,0.528603,0.070589,1.102082,0.020248,0.000658,0.000475,0.07182,0.020803,0.313638,0.010271,0.582,1.580565
2026-04-06,2.563719,0.151603,0.000181,-0.00293,-0.154026,-0.061321,0.497628,0.073849,1.213064,0.021831,0.000695,0.000507,0.07271,0.023089,0.318213,0.011078,0.551,1.592345
2026-04-07,3.021967,0.136051,9.4e-05,-0.002892,-0.076948,-0.068593,0.419715,0.066515,1.31506,0.023285,0.000822,0.000537,0.075278,0.025137,0.339431,0.011843,0.491,1.638643
2026-04-08,2.913899,0.125026,0.000445,-0.002905,-0.033082,-0.063471,0.404336,0.061677,1.310034,0.022863,0.000815,0.000526,0.075787,0.025141,0.339351,0.011633,0.461,1.644446
2026-04-09,3.333191,0.116196,-0.000433,-0.002417,-0.07794,-0.061798,0.253492,0.259325,1.291194,0.022598,0.000822,0.000542,0.076304,0.024786,0.338549,0.0582,0.494,1.656447
2026-04-10,3.810379,0.105036,-0.000347,-0.00262,-0.032326,-0.07088,0.172215,0.201905,1.26955,0.022157,0.000808,0.000518,0.077125,0.024379,0.253098,0.05201,0.544,1.677519
2026-04-11,4.069942,0.104725,-0.000256,-0.002553,-0.031472,-0.07598,0.100567,0.224886,1.288452,0.022603,0.000834,0.000513,0.080455,0.024709,0.260812,0.051976,0.556,1.744167
2026-04-12,3.390769,0.110636,-0.000744,-0.002051,-0.012476,-0.061132,0.127676,0.218995,1.296013,0.022716,0.000842,0.000505,0.079776,0.02489,0.254812,0.049341,0.56,1.734331
2026-04-13,5.020099,0.084746,-0.000877,-0.002249,-0.067145,-0.089107,0.062044,0.224491,1.279215,0.021778,0.000819,0.000492,0.079051,0.024721,0.248225,0.047685,0.56,1.723906
2026-04-14,4.632679,0.081135,-0.000929,-0.001869,-0.010796,-0.079564,-0.21634,0.208235,1.194837,0.020604,0.000846,0.00045,0.079612,0.022839,0.177429,0.045294,0.582,1.736697
2026-04-15,4.268997,0.095765,-0.001274,-0.001777,-0.00432,-0.071298,-0.162716,0.218378,1.310903,0.022725,0.000903,0.000485,0.085142,0.025026,0.177986,0.047114,0.606,1.854848
2026-04-16,4.093676,0.089685,-0.001267,-0.001765,0.016638,-0.066967,-0.056056,0.184598,1.296574,0.022369,0.000926,0.00049,0.082297,0.024534,0.165675,0.044582,0.614,1.801343
2026-04-17,3.969371,0.084618,-0.001475,-0.001382,0.074155,-0.060003,-0.154365,0.177861,1.341883,0.02336,0.000986,0.000491,0.087259,0.025462,0.151555,0.045625,0.561,1.906396
2026-04-18,4.601509,0.072354,5.7e-05,-0.001565,0.054103,-0.075969,-0.18907,0.11632,1.398944,0.024299,0.001,0.000498,0.092008,0.026237,0.143475,0.036257,0.526,2.000344
2026-04-19,4.440616,0.071714,1.5e-05,-0.001303,0.072669,-0.06857,-0.25019,0.155114,1.483051,0.025886,0.001026,0.000512,0.095278,0.027709,0.140494,0.035905,0.522,2.075025
2026-04-20,4.156359,0.080958,6.5e-05,-0.001427,0.056872,-0.064385,-0.219699,0.150657,1.53787,0.026654,0.001045,0.000524,0.098155,0.028854,0.144555,0.037424,0.508,2.140069
2026-04-21,3.144423,0.093685,-0.000402,-0.001223,0.201624,-0.046467,-0.22604,0.157765,1.591195,0.027276,0.001047,0.000532,0.099583,0.029854,0.147734,0.038593,0.516,2.174697
2026-04-22,3.233602,0.084756,-0.000665,-0.001198,0.237997,-0.046466,-0.228597,0.157061,1.48845,0.025276,0.001015,0.000507,0.096,0.02806,0.140695,0.037009,0.52,2.105238
2026-04-23,2.76505,0.084233,-0.00077,-0.001093,0.305517,-0.036031,-0.22783,0.164347,1.451033,0.024681,0.000998,0.000495,0.094195,0.02733,0.135198,0.034993,0.529,2.071312
2026-04-24,4.222964,0.068079,-0.001393,-0.001651,0.268193,-0.063128,-0.275503,0.147648,1.489902,0.024705,0.001021,0.000519,0.095055,0.027956,0.139241,0.035209,0.538,2.075613
2026-04-25,3.808768,0.073951,-0.002232,-0.001404,0.360489,-0.054789,-0.264573,0.150894,1.478676,0.024556,0.001086,0.000501,0.098499,0.027573,0.134817,0.034298,0.559,2.156158
2026-04-26,4.026632,0.05918,-0.001738,-0.001331,0.447724,-0.062121,-0.215275,0.109969,1.419998,0.023356,0.001113,0.000486,0.096582,0.026487,0.12531,0.031758,0.559,2.1269
2026-04-27,4.266038,0.051691,-0.00205,-0.001271,0.566365,-0.067164,-0.278434,0.103086,1.370427,0.022189,0.00109,0.000461,0.098297,0.025689,0.096566,0.029838,0.583,2.178323
2026-04-28,4.737827,0.039561,-0.001937,-0.001366,0.667609,-0.074049,-0.254849,0.100119,1.36217,0.021881,0.00114,0.000469,0.102909,0.025701,0.088648,0.030495,0.576,2.292511
2026-04-29,4.734878,0.038525,-0.001811,-0.00129,0.838702,-0.075214,-0.238353,0.093587,1.421364,0.022318,0.001278,0.000472,0.107068,0.026927,0.087321,0.029913,0.586,2.439927
2026-04-30,4.477155,0.043846,-0.002187,-0.001066,0.795699,-0.069567,-0.239674,0.103517,1.450072,0.02298,0.001328,0.000478,0.106977,0.027453,0.086845,0.030228,0.568,2.412599
2026-05-01,3.534495,0.051941,-0.00151,-0.000779,0.780672,-0.052011,-0.209662,0.110332,1.460156,0.022841,0.001421,0.000494,0.105741,0.027606,0.083965,0.0299,0.583,2.329225
